userID,food,rating
1,비빔밥,3
1,볶음밥,1
1,김치찌개,4
1,된장찌개,5
1,순두부찌개,4
1,삼계탕,1
1,갈비,2
1,생선구이,1
1,삼겹살,4
1,보쌈,3
1,족발,1
1,곱창,5
1,떡볶이,2
1,돈까스,2
1,제육볶음,2
1,매운탕,1
1,청국장,4
1,순대국밥,4
1,감자탕,5
1,냉면,4
1,추어탕,5
1,낙지볶음,3
1,육개장,5
1,찜닭,2
1,나주곰탕,3
1,소머리 국밥,5
1,물회,3
1,샤브샤브,2
1,간장게장,1
1,칼국수,5
1,짜장면,2
1,짬뽕,5
1,탕수육,5
1,마라탕,4
1,양꼬치,4
1,마파두부밥,3
1,유산슬,1
1,깐풍기,3
1,훠궈,2
1,팔보채,1
1,우동,4
1,생선회,5
1,초밥,4
1,돈부리 덮밥,2
1,라멘,3
1,메밀소바,5
1,타코야끼,1
1,오코노미야끼,2
1,스키야키,1
1,규카츠,3
1,치킨,5
1,스파게티,4
1,피자,1
1,햄버거,4
1,스테이크,2
1,부리또,3
1,타코,2
1,리조또,1
1,쌀국수,5
1,팟타이,3
2,비빔밥,1
2,볶음밥,3
2,김치찌개,2
2,된장찌개,2
2,순두부찌개,1
2,삼계탕,5
2,갈비,3
2,생선구이,5
2,삼겹살,4
2,보쌈,1
2,족발,4
2,곱창,2
2,떡볶이,1
2,돈까스,3
2,제육볶음,3
2,매운탕,2
2,청국장,1
2,순대국밥,4
2,감자탕,5
2,냉면,3
2,추어탕,4
2,낙지볶음,5
2,육개장,2
2,찜닭,1
2,나주곰탕,2
2,소머리 국밥,4
2,물회,5
2,샤브샤브,4
2,간장게장,5
2,칼국수,3
2,짜장면,1
2,짬뽕,4
2,탕수육,3
2,마라탕,3
2,양꼬치,5
2,마파두부밥,5
2,유산슬,4
2,깐풍기,2
2,훠궈,2
2,팔보채,1
2,우동,3
2,생선회,5
2,초밥,4
2,돈부리 덮밥,3
2,라멘,4
2,메밀소바,5
2,타코야끼,2
2,오코노미야끼,1
2,스키야키,2
2,규카츠,1
2,치킨,4
2,스파게티,4
2,피자,5
2,햄버거,1
2,스테이크,5
2,부리또,3
2,타코,3
2,리조또,2
2,쌀국수,2
2,팟타이,1
3,비빔밥,2
3,볶음밥,4
3,김치찌개,4
3,된장찌개,2
3,순두부찌개,3
3,삼계탕,3
3,갈비,5
3,생선구이,3
3,삼겹살,4
3,보쌈,4
3,족발,4
3,곱창,2
3,떡볶이,4
3,돈까스,3
3,제육볶음,4
3,매운탕,4
3,청국장,3
3,순대국밥,3
3,감자탕,4
3,냉면,3
3,추어탕,1
3,낙지볶음,3
3,육개장,2
3,찜닭,3
3,나주곰탕,3
3,소머리 국밥,3
3,물회,2
3,샤브샤브,3
3,간장게장,5
3,칼국수,3
3,짜장면,3
3,짬뽕,4
3,탕수육,3
3,마라탕,3
3,양꼬치,3
3,마파두부밥,2
3,유산슬,2
3,깐풍기,4
3,훠궈,3
3,팔보채,4
3,우동,3
3,생선회,5
3,초밥,4
3,돈부리 덮밥,3
3,라멘,3
3,메밀소바,2
3,타코야끼,4
3,오코노미야끼,4
3,스키야키,3
3,규카츠,3
3,치킨,3
3,스파게티,4
3,피자,3
3,햄버거,3
3,스테이크,3
3,부리또,2
3,타코,2
3,리조또,4
3,쌀국수,4
3,팟타이,4
4,비빔밥,1
4,볶음밥,2
4,김치찌개,3
4,된장찌개,4
4,순두부찌개,3
4,삼계탕,3
4,갈비,5
4,생선구이,1
4,삼겹살,5
4,보쌈,1
4,족발,2
4,곱창,4
4,떡볶이,5
4,돈까스,5
4,제육볶음,3
4,매운탕,1
4,청국장,1
4,순대국밥,3
4,감자탕,3
4,냉면,4
4,추어탕,1
4,낙지볶음,2
4,육개장,2
4,찜닭,4
4,나주곰탕,2
4,소머리 국밥,2
4,물회,4
4,샤브샤브,5
4,간장게장,4
4,칼국수,5
4,짜장면,5
4,짬뽕,4
4,탕수육,5
4,마라탕,3
4,양꼬치,3
4,마파두부밥,1
4,유산슬,2
4,깐풍기,2
4,훠궈,4
4,팔보채,1
4,우동,5
4,생선회,3
4,초밥,5
4,돈부리 덮밥,2
4,라멘,3
4,메밀소바,1
4,타코야끼,4
4,오코노미야끼,1
4,스키야키,2
4,규카츠,4
4,치킨,4
4,스파게티,5
4,피자,4
4,햄버거,3
4,스테이크,5
4,부리또,1
4,타코,2
4,리조또,2
4,쌀국수,1
4,팟타이,3
5,비빔밥,1
5,볶음밥,2
5,김치찌개,3
5,된장찌개,1
5,순두부찌개,2
5,삼계탕,3
5,갈비,5
5,생선구이,2
5,삼겹살,3
5,보쌈,4
5,족발,5
5,곱창,4
5,떡볶이,3
5,돈까스,5
5,제육볶음,5
5,매운탕,1
5,청국장,1
5,순대국밥,4
5,감자탕,4
5,냉면,2
5,추어탕,1
5,낙지볶음,3
5,육개장,3
5,찜닭,5
5,나주곰탕,1
5,소머리 국밥,5
5,물회,4
5,샤브샤브,2
5,간장게장,4
5,칼국수,2
5,짜장면,4
5,짬뽕,4
5,탕수육,5
5,마라탕,3
5,양꼬치,5
5,마파두부밥,2
5,유산슬,1
5,깐풍기,3
5,훠궈,2
5,팔보채,1
5,우동,3
5,생선회,5
5,초밥,4
5,돈부리 덮밥,4
5,라멘,5
5,메밀소바,2
5,타코야끼,1
5,오코노미야끼,3
5,스키야키,1
5,규카츠,2
5,치킨,5
5,스파게티,4
5,피자,4
5,햄버거,3
5,스테이크,5
5,부리또,3
5,타코,2
5,리조또,1
5,쌀국수,1
5,팟타이,2
6,비빔밥,2
6,볶음밥,3
6,김치찌개,4
6,된장찌개,4
6,순두부찌개,4
6,삼계탕,5
6,갈비,5
6,생선구이,3
6,삼겹살,5
6,보쌈,4
6,족발,4
6,곱창,5
6,떡볶이,3
6,돈까스,4
6,제육볶음,4
6,매운탕,4
6,청국장,3
6,순대국밥,4
6,감자탕,4
6,냉면,5
6,추어탕,2
6,낙지볶음,5
6,육개장,3
6,찜닭,4
6,나주곰탕,4
6,소머리 국밥,4
6,물회,5
6,샤브샤브,5
6,간장게장,2
6,칼국수,5
6,짜장면,3
6,짬뽕,4
6,탕수육,2
6,마라탕,2
6,양꼬치,3
6,마파두부밥,1
6,유산슬,1
6,깐풍기,1
6,훠궈,3
6,팔보채,1
6,우동,3
6,생선회,4
6,초밥,3
6,돈부리 덮밥,3
6,라멘,2
6,메밀소바,4
6,타코야끼,1
6,오코노미야끼,1
6,스키야키,4
6,규카츠,3
6,치킨,3
6,스파게티,3
6,피자,3
6,햄버거,3
6,스테이크,4
6,부리또,1
6,타코,1
6,리조또,2
6,쌀국수,2
6,팟타이,2
7,비빔밥,1
7,볶음밥,1
7,김치찌개,5
7,된장찌개,4
7,순두부찌개,4
7,삼계탕,5
7,갈비,4
7,생선구이,3
7,삼겹살,5
7,보쌈,4
7,족발,4
7,곱창,3
7,떡볶이,1
7,돈까스,2
7,제육볶음,2
7,매운탕,5
7,청국장,2
7,순대국밥,4
7,감자탕,3
7,냉면,2
7,추어탕,2
7,낙지볶음,1
7,육개장,1
7,찜닭,1
7,나주곰탕,5
7,소머리 국밥,3
7,물회,3
7,샤브샤브,3
7,간장게장,5
7,칼국수,2
7,짜장면,5
7,짬뽕,5
7,탕수육,4
7,마라탕,1
7,양꼬치,4
7,마파두부밥,1
7,유산슬,3
7,깐풍기,2
7,훠궈,3
7,팔보채,2
7,우동,3
7,생선회,5
7,초밥,5
7,돈부리 덮밥,2
7,라멘,4
7,메밀소바,4
7,타코야끼,2
7,오코노미야끼,3
7,스키야키,1
7,규카츠,1
7,치킨,5
7,스파게티,3
7,피자,4
7,햄버거,5
7,스테이크,4
7,부리또,3
7,타코,2
7,리조또,1
7,쌀국수,2
7,팟타이,1
8,비빔밥,4
8,볶음밥,3
8,김치찌개,3
8,된장찌개,4
8,순두부찌개,4
8,삼계탕,4
8,갈비,4
8,생선구이,1
8,삼겹살,5
8,보쌈,3
8,족발,3
8,곱창,4
8,떡볶이,5
8,돈까스,3
8,제육볶음,3
8,매운탕,2
8,청국장,3
8,순대국밥,4
8,감자탕,4
8,냉면,3
8,추어탕,1
8,낙지볶음,3
8,육개장,3
8,찜닭,3
8,나주곰탕,4
8,소머리 국밥,2
8,물회,2
8,샤브샤브,4
8,간장게장,2
8,칼국수,4
8,짜장면,4
8,짬뽕,3
8,탕수육,5
8,마라탕,4
8,양꼬치,5
8,마파두부밥,5
8,유산슬,2
8,깐풍기,3
8,훠궈,5
8,팔보채,2
8,우동,3
8,생선회,1
8,초밥,2
8,돈부리 덮밥,2
8,라멘,2
8,메밀소바,2
8,타코야끼,2
8,오코노미야끼,3
8,스키야키,1
8,규카츠,3
8,치킨,4
8,스파게티,3
8,피자,5
8,햄버거,5
8,스테이크,5
8,부리또,4
8,타코,5
8,리조또,3
8,쌀국수,5
8,팟타이,5
9,비빔밥,3
9,볶음밥,3
9,김치찌개,2
9,된장찌개,2
9,순두부찌개,2
9,삼계탕,2
9,갈비,1
9,생선구이,4
9,삼겹살,2
9,보쌈,1
9,족발,1
9,곱창,3
9,떡볶이,1
9,돈까스,3
9,제육볶음,2
9,매운탕,5
9,청국장,2
9,순대국밥,2
9,감자탕,1
9,냉면,1
9,추어탕,3
9,낙지볶음,2
9,육개장,1
9,찜닭,1
9,나주곰탕,3
9,소머리 국밥,3
9,물회,3
9,샤브샤브,1
9,간장게장,1
9,칼국수,1
9,짜장면,1
9,짬뽕,1
9,탕수육,1
9,마라탕,1
9,양꼬치,2
9,마파두부밥,3
9,유산슬,3
9,깐풍기,3
9,훠궈,2
9,팔보채,3
9,우동,1
9,생선회,2
9,초밥,1
9,돈부리 덮밥,3
9,라멘,3
9,메밀소바,2
9,타코야끼,2
9,오코노미야끼,3
9,스키야키,3
9,규카츠,3
9,치킨,1
9,스파게티,3
9,피자,3
9,햄버거,4
9,스테이크,2
9,부리또,4
9,타코,4
9,리조또,3
9,쌀국수,1
9,팟타이,2
10,비빔밥,4
10,볶음밥,5
10,김치찌개,5
10,된장찌개,5
10,순두부찌개,5
10,삼계탕,4
10,갈비,5
10,생선구이,3
10,삼겹살,5
10,보쌈,5
10,족발,5
10,곱창,5
10,떡볶이,5
10,돈까스,5
10,제육볶음,5
10,매운탕,2
10,청국장,2
10,순대국밥,4
10,감자탕,5
10,냉면,5
10,추어탕,1
10,낙지볶음,2
10,육개장,4
10,찜닭,4
10,나주곰탕,4
10,소머리 국밥,2
10,물회,5
10,샤브샤브,5
10,간장게장,2
10,칼국수,5
10,짜장면,5
10,짬뽕,5
10,탕수육,5
10,마라탕,5
10,양꼬치,5
10,마파두부밥,3
10,유산슬,3
10,깐풍기,4
10,훠궈,5
10,팔보채,5
10,우동,5
10,생선회,5
10,초밥,5
10,돈부리 덮밥,5
10,라멘,5
10,메밀소바,5
10,타코야끼,5
10,오코노미야끼,5
10,스키야키,5
10,규카츠,5
10,치킨,5
10,스파게티,5
10,피자,5
10,햄버거,5
10,스테이크,5
10,부리또,5
10,타코,5
10,리조또,5
10,쌀국수,5
10,팟타이,5
11,비빔밥,3
11,볶음밥,3
11,김치찌개,4
11,된장찌개,4
11,순두부찌개,4
11,삼계탕,4
11,갈비,5
11,생선구이,3
11,삼겹살,5
11,보쌈,5
11,족발,5
11,곱창,5
11,떡볶이,4
11,돈까스,4
11,제육볶음,2
11,매운탕,2
11,청국장,2
11,순대국밥,2
11,감자탕,2
11,냉면,1
11,추어탕,1
11,낙지볶음,1
11,육개장,1
11,찜닭,2
11,나주곰탕,3
11,소머리 국밥,1
11,물회,3
11,샤브샤브,5
11,간장게장,3
11,칼국수,1
11,짜장면,5
11,짬뽕,4
11,탕수육,5
11,마라탕,4
11,양꼬치,3
11,마파두부밥,3
11,유산슬,2
11,깐풍기,2
11,훠궈,1
11,팔보채,1
11,우동,1
11,생선회,5
11,초밥,4
11,돈부리 덮밥,5
11,라멘,4
11,메밀소바,3
11,타코야끼,2
11,오코노미야끼,3
11,스키야키,2
11,규카츠,1
11,치킨,5
11,스파게티,4
11,피자,3
11,햄버거,4
11,스테이크,5
11,부리또,3
11,타코,2
11,리조또,2
11,쌀국수,1
11,팟타이,1
12,비빔밥,3
12,볶음밥,5
12,김치찌개,5
12,된장찌개,5
12,순두부찌개,5
12,삼계탕,5
12,갈비,5
12,생선구이,3
12,삼겹살,5
12,보쌈,5
12,족발,5
12,곱창,5
12,떡볶이,5
12,돈까스,5
12,제육볶음,5
12,매운탕,5
12,청국장,5
12,순대국밥,5
12,감자탕,5
12,냉면,5
12,추어탕,3
12,낙지볶음,5
12,육개장,5
12,찜닭,3
12,나주곰탕,5
12,소머리 국밥,5
12,물회,5
12,샤브샤브,5
12,간장게장,5
12,칼국수,3
12,짜장면,5
12,짬뽕,5
12,탕수육,5
12,마라탕,1
12,양꼬치,3
12,마파두부밥,3
12,유산슬,1
12,깐풍기,5
12,훠궈,1
12,팔보채,3
12,우동,3
12,생선회,5
12,초밥,5
12,돈부리 덮밥,5
12,라멘,5
12,메밀소바,5
12,타코야끼,5
12,오코노미야끼,5
12,스키야키,5
12,규카츠,5
12,치킨,5
12,스파게티,5
12,피자,5
12,햄버거,5
12,스테이크,5
12,부리또,5
12,타코,5
12,리조또,5
12,쌀국수,1
12,팟타이,1
13,비빔밥,5
13,볶음밥,1
13,김치찌개,3
13,된장찌개,2
13,순두부찌개,5
13,삼계탕,4
13,갈비,2
13,생선구이,1
13,삼겹살,3
13,보쌈,4
13,족발,4
13,곱창,5
13,떡볶이,3
13,돈까스,2
13,제육볶음,5
13,매운탕,4
13,청국장,1
13,순대국밥,2
13,감자탕,3
13,냉면,1
13,추어탕,4
13,낙지볶음,3
13,육개장,1
13,찜닭,1
13,나주곰탕,2
13,소머리 국밥,2
13,물회,5
13,샤브샤브,5
13,간장게장,4
13,칼국수,3
13,짜장면,5
13,짬뽕,4
13,탕수육,3
13,마라탕,5
13,양꼬치,3
13,마파두부밥,1
13,유산슬,1
13,깐풍기,4
13,훠궈,2
13,팔보채,2
13,우동,2
13,생선회,2
13,초밥,5
13,돈부리 덮밥,1
13,라멘,3
13,메밀소바,5
13,타코야끼,4
13,오코노미야끼,3
13,스키야키,4
13,규카츠,1
13,치킨,3
13,스파게티,2
13,피자,1
13,햄버거,5
13,스테이크,2
13,부리또,4
13,타코,5
13,리조또,4
13,쌀국수,3
13,팟타이,1
14,비빔밥,3
14,볶음밥,3
14,김치찌개,5
14,된장찌개,4
14,순두부찌개,3
14,삼계탕,3
14,갈비,5
14,생선구이,2
14,삼겹살,5
14,보쌈,3
14,족발,5
14,곱창,5
14,떡볶이,2
14,돈까스,3
14,제육볶음,5
14,매운탕,1
14,청국장,1
14,순대국밥,2
14,감자탕,2
14,냉면,4
14,추어탕,1
14,낙지볶음,4
14,육개장,4
14,찜닭,4
14,나주곰탕,1
14,소머리 국밥,4
14,물회,2
14,샤브샤브,2
14,간장게장,1
14,칼국수,1
14,짜장면,3
14,짬뽕,4
14,탕수육,2
14,마라탕,5
14,양꼬치,3
14,마파두부밥,1
14,유산슬,2
14,깐풍기,4
14,훠궈,1
14,팔보채,5
14,우동,2
14,생선회,5
14,초밥,5
14,돈부리 덮밥,4
14,라멘,2
14,메밀소바,1
14,타코야끼,4
14,오코노미야끼,1
14,스키야키,3
14,규카츠,3
14,치킨,5
14,스파게티,2
14,피자,3
14,햄버거,4
14,스테이크,5
14,부리또,1
14,타코,2
14,리조또,3
14,쌀국수,1
14,팟타이,2
15,비빔밥,3
15,볶음밥,5
15,김치찌개,5
15,된장찌개,5
15,순두부찌개,3
15,삼계탕,5
15,갈비,5
15,생선구이,3
15,삼겹살,5
15,보쌈,5
15,족발,4
15,곱창,4
15,떡볶이,4
15,돈까스,4
15,제육볶음,3
15,매운탕,3
15,청국장,3
15,순대국밥,4
15,감자탕,3
15,냉면,3
15,추어탕,2
15,낙지볶음,1
15,육개장,1
15,찜닭,1
15,나주곰탕,1
15,소머리 국밥,4
15,물회,4
15,샤브샤브,1
15,간장게장,2
15,칼국수,2
15,짜장면,2
15,짬뽕,5
15,탕수육,5
15,마라탕,1
15,양꼬치,2
15,마파두부밥,3
15,유산슬,4
15,깐풍기,4
15,훠궈,3
15,팔보채,1
15,우동,1
15,생선회,5
15,초밥,5
15,돈부리 덮밥,1
15,라멘,4
15,메밀소바,2
15,타코야끼,4
15,오코노미야끼,2
15,스키야키,3
15,규카츠,3
15,치킨,5
15,스파게티,3
15,피자,5
15,햄버거,4
15,스테이크,4
15,부리또,2
15,타코,2
15,리조또,1
15,쌀국수,1
15,팟타이,3
16,비빔밥,2
16,볶음밥,3
16,김치찌개,4
16,된장찌개,3
16,순두부찌개,4
16,삼계탕,3
16,갈비,5
16,생선구이,2
16,삼겹살,5
16,보쌈,3
16,족발,5
16,곱창,5
16,떡볶이,2
16,돈까스,4
16,제육볶음,4
16,매운탕,1
16,청국장,1
16,순대국밥,5
16,감자탕,4
16,냉면,4
16,추어탕,1
16,낙지볶음,1
16,육개장,2
16,찜닭,2
16,나주곰탕,1
16,소머리 국밥,5
16,물회,1
16,샤브샤브,3
16,간장게장,2
16,칼국수,3
16,짜장면,4
16,짬뽕,5
16,탕수육,5
16,마라탕,1
16,양꼬치,4
16,마파두부밥,1
16,유산슬,3
16,깐풍기,2
16,훠궈,2
16,팔보채,3
16,우동,3
16,생선회,5
16,초밥,5
16,돈부리 덮밥,3
16,라멘,4
16,메밀소바,2
16,타코야끼,1
16,오코노미야끼,1
16,스키야키,2
16,규카츠,4
16,치킨,5
16,스파게티,3
16,피자,4
16,햄버거,1
16,스테이크,5
16,부리또,1
16,타코,3
16,리조또,2
16,쌀국수,4
16,팟타이,2
17,비빔밥,2
17,볶음밥,3
17,김치찌개,5
17,된장찌개,5
17,순두부찌개,5
17,삼계탕,4
17,갈비,5
17,생선구이,3
17,삼겹살,5
17,보쌈,5
17,족발,4
17,곱창,4
17,떡볶이,3
17,돈까스,3
17,제육볶음,4
17,매운탕,2
17,청국장,4
17,순대국밥,3
17,감자탕,2
17,냉면,1
17,추어탕,1
17,낙지볶음,2
17,육개장,1
17,찜닭,4
17,나주곰탕,2
17,소머리 국밥,1
17,물회,3
17,샤브샤브,1
17,간장게장,2
17,칼국수,1
17,짜장면,4
17,짬뽕,2
17,탕수육,5
17,마라탕,2
17,양꼬치,5
17,마파두부밥,3
17,유산슬,3
17,깐풍기,4
17,훠궈,1
17,팔보채,1
17,우동,3
17,생선회,5
17,초밥,5
17,돈부리 덮밥,4
17,라멘,3
17,메밀소바,4
17,타코야끼,2
17,오코노미야끼,2
17,스키야키,1
17,규카츠,1
17,치킨,5
17,스파게티,2
17,피자,2
17,햄버거,4
17,스테이크,5
17,부리또,4
17,타코,3
17,리조또,1
17,쌀국수,3
17,팟타이,1
18,비빔밥,1
18,볶음밥,2
18,김치찌개,3
18,된장찌개,4
18,순두부찌개,3
18,삼계탕,2
18,갈비,2
18,생선구이,3
18,삼겹살,4
18,보쌈,3
18,족발,1
18,곱창,1
18,떡볶이,2
18,돈까스,3
18,제육볶음,4
18,매운탕,5
18,청국장,1
18,순대국밥,5
18,감자탕,5
18,냉면,5
18,추어탕,3
18,낙지볶음,2
18,육개장,4
18,찜닭,2
18,나주곰탕,3
18,소머리 국밥,1
18,물회,1
18,샤브샤브,4
18,간장게장,3
18,칼국수,4
18,짜장면,5
18,짬뽕,5
18,탕수육,5
18,마라탕,5
18,양꼬치,5
18,마파두부밥,5
18,유산슬,5
18,깐풍기,5
18,훠궈,5
18,팔보채,5
18,우동,5
18,생선회,5
18,초밥,5
18,돈부리 덮밥,5
18,라멘,5
18,메밀소바,5
18,타코야끼,5
18,오코노미야끼,5
18,스키야키,3
18,규카츠,4
18,치킨,5
18,스파게티,5
18,피자,5
18,햄버거,5
18,스테이크,5
18,부리또,5
18,타코,5
18,리조또,5
18,쌀국수,5
18,팟타이,5
19,비빔밥,4
19,볶음밥,5
19,김치찌개,4
19,된장찌개,5
19,순두부찌개,5
19,삼계탕,4
19,갈비,5
19,생선구이,3
19,삼겹살,5
19,보쌈,4
19,족발,4
19,곱창,3
19,떡볶이,5
19,돈까스,3
19,제육볶음,3
19,매운탕,4
19,청국장,1
19,순대국밥,3
19,감자탕,4
19,냉면,4
19,추어탕,1
19,낙지볶음,3
19,육개장,2
19,찜닭,3
19,나주곰탕,2
19,소머리 국밥,2
19,물회,3
19,샤브샤브,3
19,간장게장,2
19,칼국수,5
19,짜장면,4
19,짬뽕,5
19,탕수육,5
19,마라탕,5
19,양꼬치,5
19,마파두부밥,1
19,유산슬,2
19,깐풍기,2
19,훠궈,4
19,팔보채,2
19,우동,3
19,생선회,5
19,초밥,5
19,돈부리 덮밥,4
19,라멘,3
19,메밀소바,3
19,타코야끼,4
19,오코노미야끼,2
19,스키야키,2
19,규카츠,3
19,치킨,5
19,스파게티,4
19,피자,4
19,햄버거,5
19,스테이크,5
19,부리또,4
19,타코,4
19,리조또,4
19,쌀국수,3
19,팟타이,3
20,비빔밥,2
20,볶음밥,4
20,김치찌개,4
20,된장찌개,4
20,순두부찌개,2
20,삼계탕,1
20,갈비,4
20,생선구이,1
20,삼겹살,4
20,보쌈,2
20,족발,3
20,곱창,5
20,떡볶이,3
20,돈까스,2
20,제육볶음,3
20,매운탕,3
20,청국장,1
20,순대국밥,2
20,감자탕,3
20,냉면,5
20,추어탕,1
20,낙지볶음,2
20,육개장,1
20,찜닭,5
20,나주곰탕,1
20,소머리 국밥,5
20,물회,5
20,샤브샤브,3
20,간장게장,4
20,칼국수,5
20,짜장면,5
20,짬뽕,5
20,탕수육,4
20,마라탕,3
20,양꼬치,2
20,마파두부밥,2
20,유산슬,1
20,깐풍기,4
20,훠궈,3
20,팔보채,1
20,우동,3
20,생선회,5
20,초밥,5
20,돈부리 덮밥,2
20,라멘,4
20,메밀소바,2
20,타코야끼,1
20,오코노미야끼,1
20,스키야키,3
20,규카츠,4
20,치킨,2
20,스파게티,5
20,피자,5
20,햄버거,4
20,스테이크,3
20,부리또,3
20,타코,2
20,리조또,1
20,쌀국수,4
20,팟타이,1
21,비빔밥,2
21,볶음밥,4
21,김치찌개,4
21,된장찌개,3
21,순두부찌개,5
21,삼계탕,5
21,갈비,5
21,생선구이,2
21,삼겹살,5
21,보쌈,5
21,족발,5
21,곱창,2
21,떡볶이,4
21,돈까스,4
21,제육볶음,3
21,매운탕,3
21,청국장,1
21,순대국밥,1
21,감자탕,4
21,냉면,3
21,추어탕,1
21,낙지볶음,1
21,육개장,3
21,찜닭,4
21,나주곰탕,3
21,소머리 국밥,2
21,물회,1
21,샤브샤브,2
21,간장게장,2
21,칼국수,2
21,짜장면,4
21,짬뽕,5
21,탕수육,5
21,마라탕,2
21,양꼬치,4
21,마파두부밥,3
21,유산슬,2
21,깐풍기,3
21,훠궈,1
21,팔보채,1
21,우동,5
21,생선회,3
21,초밥,1
21,돈부리 덮밥,2
21,라멘,5
21,메밀소바,2
21,타코야끼,3
21,오코노미야끼,4
21,스키야키,1
21,규카츠,4
21,치킨,5
21,스파게티,5
21,피자,4
21,햄버거,4
21,스테이크,3
21,부리또,3
21,타코,2
21,리조또,2
21,쌀국수,1
21,팟타이,1
22,비빔밥,5
22,볶음밥,4
22,김치찌개,5
22,된장찌개,4
22,순두부찌개,2
22,삼계탕,3
22,갈비,4
22,생선구이,2
22,삼겹살,4
22,보쌈,4
22,족발,4
22,곱창,3
22,떡볶이,5
22,돈까스,4
22,제육볶음,4
22,매운탕,4
22,청국장,2
22,순대국밥,2
22,감자탕,3
22,냉면,5
22,추어탕,3
22,낙지볶음,4
22,육개장,3
22,찜닭,3
22,나주곰탕,3
22,소머리 국밥,3
22,물회,4
22,샤브샤브,3
22,간장게장,3
22,칼국수,3
22,짜장면,4
22,짬뽕,3
22,탕수육,3
22,마라탕,2
22,양꼬치,3
22,마파두부밥,4
22,유산슬,2
22,깐풍기,2
22,훠궈,2
22,팔보채,2
22,우동,2
22,생선회,3
22,초밥,4
22,돈부리 덮밥,3
22,라멘,1
22,메밀소바,2
22,타코야끼,2
22,오코노미야끼,2
22,스키야키,3
22,규카츠,4
22,치킨,4
22,스파게티,5
22,피자,3
22,햄버거,2
22,스테이크,4
22,부리또,3
22,타코,3
22,리조또,4
22,쌀국수,3
22,팟타이,3
23,비빔밥,4
23,볶음밥,2
23,김치찌개,3
23,된장찌개,4
23,순두부찌개,3
23,삼계탕,1
23,갈비,5
23,생선구이,4
23,삼겹살,4
23,보쌈,1
23,족발,2
23,곱창,5
23,떡볶이,5
23,돈까스,3
23,제육볶음,4
23,매운탕,2
23,청국장,1
23,순대국밥,3
23,감자탕,1
23,냉면,3
23,추어탕,1
23,낙지볶음,3
23,육개장,2
23,찜닭,4
23,나주곰탕,2
23,소머리 국밥,1
23,물회,2
23,샤브샤브,5
23,간장게장,5
23,칼국수,5
23,짜장면,4
23,짬뽕,4
23,탕수육,5
23,마라탕,2
23,양꼬치,1
23,마파두부밥,2
23,유산슬,5
23,깐풍기,3
23,훠궈,1
23,팔보채,3
23,우동,5
23,생선회,3
23,초밥,5
23,돈부리 덮밥,1
23,라멘,1
23,메밀소바,4
23,타코야끼,2
23,오코노미야끼,2
23,스키야키,3
23,규카츠,4
23,치킨,5
23,스파게티,2
23,피자,4
23,햄버거,5
23,스테이크,2
23,부리또,1
23,타코,1
23,리조또,4
23,쌀국수,3
23,팟타이,3
24,비빔밥,2
24,볶음밥,3
24,김치찌개,4
24,된장찌개,4
24,순두부찌개,3
24,삼계탕,5
24,갈비,3
24,생선구이,1
24,삼겹살,5
24,보쌈,3
24,족발,4
24,곱창,5
24,떡볶이,5
24,돈까스,5
24,제육볶음,3
24,매운탕,3
24,청국장,3
24,순대국밥,4
24,감자탕,4
24,냉면,3
24,추어탕,1
24,낙지볶음,2
24,육개장,3
24,찜닭,3
24,나주곰탕,2
24,소머리 국밥,1
24,물회,4
24,샤브샤브,5
24,간장게장,4
24,칼국수,4
24,짜장면,4
24,짬뽕,4
24,탕수육,5
24,마라탕,5
24,양꼬치,3
24,마파두부밥,3
24,유산슬,1
24,깐풍기,2
24,훠궈,2
24,팔보채,1
24,우동,3
24,생선회,3
24,초밥,5
24,돈부리 덮밥,1
24,라멘,1
24,메밀소바,4
24,타코야끼,5
24,오코노미야끼,4
24,스키야키,2
24,규카츠,2
24,치킨,5
24,스파게티,4
24,피자,5
24,햄버거,3
24,스테이크,3
24,부리또,1
24,타코,1
24,리조또,2
24,쌀국수,2
24,팟타이,1
25,비빔밥,5
25,볶음밥,2
25,김치찌개,4
25,된장찌개,4
25,순두부찌개,5
25,삼계탕,2
25,갈비,4
25,생선구이,2
25,삼겹살,4
25,보쌈,2
25,족발,3
25,곱창,3
25,떡볶이,5
25,돈까스,3
25,제육볶음,3
25,매운탕,1
25,청국장,2
25,순대국밥,5
25,감자탕,5
25,냉면,3
25,추어탕,1
25,낙지볶음,1
25,육개장,3
25,찜닭,5
25,나주곰탕,4
25,소머리 국밥,3
25,물회,1
25,샤브샤브,4
25,간장게장,1
25,칼국수,2
25,짜장면,2
25,짬뽕,4
25,탕수육,5
25,마라탕,3
25,양꼬치,3
25,마파두부밥,2
25,유산슬,1
25,깐풍기,4
25,훠궈,5
25,팔보채,1
25,우동,2
25,생선회,2
25,초밥,4
25,돈부리 덮밥,5
25,라멘,1
25,메밀소바,3
25,타코야끼,5
25,오코노미야끼,4
25,스키야키,3
25,규카츠,1
25,치킨,5
25,스파게티,1
25,피자,3
25,햄버거,2
25,스테이크,4
25,부리또,3
25,타코,4
25,리조또,2
25,쌀국수,5
25,팟타이,1
26,비빔밥,3
26,볶음밥,4
26,김치찌개,5
26,된장찌개,3
26,순두부찌개,3
26,삼계탕,2
26,갈비,5
26,생선구이,5
26,삼겹살,4
26,보쌈,1
26,족발,1
26,곱창,4
26,떡볶이,5
26,돈까스,5
26,제육볶음,5
26,매운탕,3
26,청국장,2
26,순대국밥,3
26,감자탕,3
26,냉면,3
26,추어탕,1
26,낙지볶음,5
26,육개장,3
26,찜닭,3
26,나주곰탕,4
26,소머리 국밥,4
26,물회,5
26,샤브샤브,4
26,간장게장,2
26,칼국수,1
26,짜장면,3
26,짬뽕,3
26,탕수육,5
26,마라탕,5
26,양꼬치,2
26,마파두부밥,1
26,유산슬,1
26,깐풍기,4
26,훠궈,4
26,팔보채,2
26,우동,4
26,생선회,5
26,초밥,1
26,돈부리 덮밥,2
26,라멘,4
26,메밀소바,3
26,타코야끼,4
26,오코노미야끼,1
26,스키야키,2
26,규카츠,5
26,치킨,5
26,스파게티,5
26,피자,4
26,햄버거,1
26,스테이크,4
26,부리또,3
26,타코,1
26,리조또,2
26,쌀국수,3
26,팟타이,2
27,비빔밥,2
27,볶음밥,2
27,김치찌개,4
27,된장찌개,4
27,순두부찌개,4
27,삼계탕,5
27,갈비,5
27,생선구이,4
27,삼겹살,2
27,보쌈,3
27,족발,3
27,곱창,3
27,떡볶이,2
27,돈까스,1
27,제육볶음,1
27,매운탕,5
27,청국장,2
27,순대국밥,3
27,감자탕,4
27,냉면,4
27,추어탕,5
27,낙지볶음,5
27,육개장,3
27,찜닭,3
27,나주곰탕,2
27,소머리 국밥,1
27,물회,5
27,샤브샤브,1
27,간장게장,1
27,칼국수,1
27,짜장면,1
27,짬뽕,1
27,탕수육,3
27,마라탕,4
27,양꼬치,4
27,마파두부밥,2
27,유산슬,2
27,깐풍기,3
27,훠궈,5
27,팔보채,5
27,우동,1
27,생선회,2
27,초밥,5
27,돈부리 덮밥,2
27,라멘,1
27,메밀소바,3
27,타코야끼,3
27,오코노미야끼,4
27,스키야키,4
27,규카츠,5
27,치킨,2
27,스파게티,3
27,피자,4
27,햄버거,1
27,스테이크,5
27,부리또,3
27,타코,5
27,리조또,4
27,쌀국수,2
27,팟타이,1
28,비빔밥,4
28,볶음밥,4
28,김치찌개,5
28,된장찌개,5
28,순두부찌개,5
28,삼계탕,4
28,갈비,4
28,생선구이,3
28,삼겹살,4
28,보쌈,3
28,족발,3
28,곱창,1
28,떡볶이,5
28,돈까스,4
28,제육볶음,4
28,매운탕,3
28,청국장,5
28,순대국밥,5
28,감자탕,5
28,냉면,4
28,추어탕,5
28,낙지볶음,5
28,육개장,5
28,찜닭,3
28,나주곰탕,5
28,소머리 국밥,4
28,물회,1
28,샤브샤브,3
28,간장게장,3
28,칼국수,2
28,짜장면,5
28,짬뽕,5
28,탕수육,5
28,마라탕,2
28,양꼬치,2
28,마파두부밥,2
28,유산슬,2
28,깐풍기,3
28,훠궈,3
28,팔보채,2
28,우동,5
28,생선회,1
28,초밥,3
28,돈부리 덮밥,2
28,라멘,3
28,메밀소바,3
28,타코야끼,2
28,오코노미야끼,2
28,스키야키,2
28,규카츠,2
28,치킨,5
28,스파게티,1
28,피자,3
28,햄버거,5
28,스테이크,3
28,부리또,3
28,타코,2
28,리조또,1
28,쌀국수,2
28,팟타이,2
29,비빔밥,2
29,볶음밥,5
29,김치찌개,4
29,된장찌개,2
29,순두부찌개,3
29,삼계탕,4
29,갈비,3
29,생선구이,3
29,삼겹살,4
29,보쌈,4
29,족발,3
29,곱창,5
29,떡볶이,3
29,돈까스,2
29,제육볶음,2
29,매운탕,5
29,청국장,1
29,순대국밥,1
29,감자탕,5
29,냉면,5
29,추어탕,1
29,낙지볶음,4
29,육개장,3
29,찜닭,4
29,나주곰탕,1
29,소머리 국밥,1
29,물회,1
29,샤브샤브,5
29,간장게장,2
29,칼국수,2
29,짜장면,4
29,짬뽕,5
29,탕수육,5
29,마라탕,1
29,양꼬치,3
29,마파두부밥,2
29,유산슬,3
29,깐풍기,2
29,훠궈,1
29,팔보채,4
29,우동,4
29,생선회,2
29,초밥,4
29,돈부리 덮밥,2
29,라멘,3
29,메밀소바,5
29,타코야끼,1
29,오코노미야끼,1
29,스키야키,5
29,규카츠,3
29,치킨,5
29,스파게티,3
29,피자,2
29,햄버거,4
29,스테이크,1
29,부리또,2
29,타코,5
29,리조또,3
29,쌀국수,1
29,팟타이,4
30,비빔밥,3
30,볶음밥,4
30,김치찌개,4
30,된장찌개,5
30,순두부찌개,4
30,삼계탕,3
30,갈비,5
30,생선구이,2
30,삼겹살,5
30,보쌈,4
30,족발,3
30,곱창,1
30,떡볶이,2
30,돈까스,3
30,제육볶음,3
30,매운탕,3
30,청국장,1
30,순대국밥,2
30,감자탕,3
30,냉면,4
30,추어탕,1
30,낙지볶음,3
30,육개장,3
30,찜닭,4
30,나주곰탕,4
30,소머리 국밥,4
30,물회,5
30,샤브샤브,5
30,간장게장,5
30,칼국수,3
30,짜장면,4
30,짬뽕,3
30,탕수육,4
30,마라탕,3
30,양꼬치,4
30,마파두부밥,2
30,유산슬,2
30,깐풍기,3
30,훠궈,2
30,팔보채,2
30,우동,4
30,생선회,5
30,초밥,5
30,돈부리 덮밥,4
30,라멘,4
30,메밀소바,4
30,타코야끼,3
30,오코노미야끼,3
30,스키야키,4
30,규카츠,5
30,치킨,5
30,스파게티,4
30,피자,3
30,햄버거,4
30,스테이크,5
30,부리또,4
30,타코,3
30,리조또,3
30,쌀국수,3
30,팟타이,3
31,비빔밥,3
31,볶음밥,2
31,김치찌개,2
31,된장찌개,2
31,순두부찌개,2
31,삼계탕,2
31,갈비,4
31,생선구이,2
31,삼겹살,3
31,보쌈,4
31,족발,4
31,곱창,3
31,떡볶이,3
31,돈까스,4
31,제육볶음,4
31,매운탕,4
31,청국장,1
31,순대국밥,4
31,감자탕,4
31,냉면,2
31,추어탕,1
31,낙지볶음,4
31,육개장,4
31,찜닭,3
31,나주곰탕,2
31,소머리 국밥,1
31,물회,2
31,샤브샤브,2
31,간장게장,1
31,칼국수,1
31,짜장면,4
31,짬뽕,3
31,탕수육,4
31,마라탕,1
31,양꼬치,1
31,마파두부밥,2
31,유산슬,1
31,깐풍기,4
31,훠궈,2
31,팔보채,3
31,우동,2
31,생선회,1
31,초밥,2
31,돈부리 덮밥,3
31,라멘,2
31,메밀소바,3
31,타코야끼,2
31,오코노미야끼,2
31,스키야키,4
31,규카츠,4
31,치킨,3
31,스파게티,2
31,피자,4
31,햄버거,3
31,스테이크,4
31,부리또,2
31,타코,2
31,리조또,2
31,쌀국수,1
31,팟타이,1
32,비빔밥,2
32,볶음밥,3
32,김치찌개,5
32,된장찌개,5
32,순두부찌개,3
32,삼계탕,4
32,갈비,4
32,생선구이,3
32,삼겹살,5
32,보쌈,5
32,족발,4
32,곱창,4
32,떡볶이,3
32,돈까스,5
32,제육볶음,5
32,매운탕,3
32,청국장,2
32,순대국밥,2
32,감자탕,3
32,냉면,2
32,추어탕,4
32,낙지볶음,5
32,육개장,3
32,찜닭,4
32,나주곰탕,5
32,소머리 국밥,3
32,물회,5
32,샤브샤브,4
32,간장게장,5
32,칼국수,2
32,짜장면,3
32,짬뽕,3
32,탕수육,4
32,마라탕,3
32,양꼬치,4
32,마파두부밥,3
32,유산슬,4
32,깐풍기,5
32,훠궈,4
32,팔보채,4
32,우동,3
32,생선회,5
32,초밥,5
32,돈부리 덮밥,4
32,라멘,2
32,메밀소바,3
32,타코야끼,3
32,오코노미야끼,2
32,스키야키,2
32,규카츠,4
32,치킨,5
32,스파게티,4
32,피자,4
32,햄버거,5
32,스테이크,5
32,부리또,3
32,타코,3
32,리조또,3
32,쌀국수,2
32,팟타이,3
33,비빔밥,1
33,볶음밥,2
33,김치찌개,4
33,된장찌개,5
33,순두부찌개,5
33,삼계탕,1
33,갈비,1
33,생선구이,2
33,삼겹살,2
33,보쌈,3
33,족발,4
33,곱창,4
33,떡볶이,4
33,돈까스,2
33,제육볶음,2
33,매운탕,5
33,청국장,3
33,순대국밥,3
33,감자탕,3
33,냉면,3
33,추어탕,4
33,낙지볶음,2
33,육개장,1
33,찜닭,1
33,나주곰탕,1
33,소머리 국밥,3
33,물회,5
33,샤브샤브,1
33,간장게장,5
33,칼국수,3
33,짜장면,5
33,짬뽕,4
33,탕수육,3
33,마라탕,4
33,양꼬치,5
33,마파두부밥,2
33,유산슬,2
33,깐풍기,1
33,훠궈,3
33,팔보채,1
33,우동,4
33,생선회,5
33,초밥,5
33,돈부리 덮밥,3
33,라멘,4
33,메밀소바,1
33,타코야끼,3
33,오코노미야끼,2
33,스키야키,2
33,규카츠,1
33,치킨,5
33,스파게티,4
33,피자,5
33,햄버거,1
33,스테이크,1
33,부리또,2
33,타코,2
33,리조또,4
33,쌀국수,3
33,팟타이,3
34,비빔밥,1
34,볶음밥,2
34,김치찌개,4
34,된장찌개,4
34,순두부찌개,4
34,삼계탕,2
34,갈비,2
34,생선구이,4
34,삼겹살,2
34,보쌈,1
34,족발,2
34,곱창,3
34,떡볶이,1
34,돈까스,1
34,제육볶음,5
34,매운탕,4
34,청국장,1
34,순대국밥,5
34,감자탕,2
34,냉면,3
34,추어탕,3
34,낙지볶음,3
34,육개장,1
34,찜닭,4
34,나주곰탕,5
34,소머리 국밥,5
34,물회,5
34,샤브샤브,5
34,간장게장,1
34,칼국수,3
34,짜장면,5
34,짬뽕,5
34,탕수육,4
34,마라탕,1
34,양꼬치,4
34,마파두부밥,1
34,유산슬,2
34,깐풍기,3
34,훠궈,2
34,팔보채,3
34,우동,2
34,생선회,3
34,초밥,3
34,돈부리 덮밥,5
34,라멘,2
34,메밀소바,5
34,타코야끼,4
34,오코노미야끼,4
34,스키야키,1
34,규카츠,1
34,치킨,4
34,스파게티,1
34,피자,4
34,햄버거,3
34,스테이크,3
34,부리또,2
34,타코,1
34,리조또,2
34,쌀국수,5
34,팟타이,5
35,비빔밥,2
35,볶음밥,2
35,김치찌개,4
35,된장찌개,4
35,순두부찌개,
35,삼계탕,2
35,갈비,5
35,생선구이,2
35,삼겹살,5
35,보쌈,3
35,족발,3
35,곱창,3
35,떡볶이,5
35,돈까스,5
35,제육볶음,4
35,매운탕,2
35,청국장,2
35,순대국밥,4
35,감자탕,1
35,냉면,5
35,추어탕,1
35,낙지볶음,1
35,육개장,1
35,찜닭,5
35,나주곰탕,4
35,소머리 국밥,1
35,물회,
35,샤브샤브,3
35,간장게장,3
35,칼국수,1
35,짜장면,5
35,짬뽕,3
35,탕수육,5
35,마라탕,
35,양꼬치,4
35,마파두부밥,1
35,유산슬,3
35,깐풍기,2
35,훠궈,4
35,팔보채,2
35,우동,5
35,생선회,4
35,초밥,4
35,돈부리 덮밥,2
35,라멘,5
35,메밀소바,2
35,타코야끼,3
35,오코노미야끼,5
35,스키야키,1
35,규카츠,1
35,치킨,5
35,스파게티,4
35,피자,5
35,햄버거,4
35,스테이크,2
35,부리또,3
35,타코,3
35,리조또,2
35,쌀국수,1
35,팟타이,1
36,비빔밥,3
36,볶음밥,2
36,김치찌개,2
36,된장찌개,2
36,순두부찌개,2
36,삼계탕,4
36,갈비,4
36,생선구이,3
36,삼겹살,4
36,보쌈,4
36,족발,4
36,곱창,4
36,떡볶이,1
36,돈까스,2
36,제육볶음,2
36,매운탕,1
36,청국장,1
36,순대국밥,3
36,감자탕,3
36,냉면,3
36,추어탕,1
36,낙지볶음,3
36,육개장,2
36,찜닭,3
36,나주곰탕,1
36,소머리 국밥,1
36,물회,3
36,샤브샤브,3
36,간장게장,3
36,칼국수,2
36,짜장면,2
36,짬뽕,3
36,탕수육,4
36,마라탕,3
36,양꼬치,1
36,마파두부밥,1
36,유산슬,2
36,깐풍기,4
36,훠궈,4
36,팔보채,2
36,우동,2
36,생선회,4
36,초밥,4
36,돈부리 덮밥,3
36,라멘,4
36,메밀소바,1
36,타코야끼,2
36,오코노미야끼,1
36,스키야키,2
36,규카츠,4
36,치킨,4
36,스파게티,2
36,피자,3
36,햄버거,3
36,스테이크,4
36,부리또,1
36,타코,1
36,리조또,2
36,쌀국수,3
36,팟타이,1
37,비빔밥,4
37,볶음밥,4
37,김치찌개,4
37,된장찌개,5
37,순두부찌개,3
37,삼계탕,2
37,갈비,2
37,생선구이,2
37,삼겹살,5
37,보쌈,4
37,족발,4
37,곱창,5
37,떡볶이,5
37,돈까스,3
37,제육볶음,2
37,매운탕,2
37,청국장,1
37,순대국밥,3
37,감자탕,3
37,냉면,5
37,추어탕,2
37,낙지볶음,3
37,육개장,1
37,찜닭,5
37,나주곰탕,1
37,소머리 국밥,1
37,물회,3
37,샤브샤브,1
37,간장게장,1
37,칼국수,4
37,짜장면,3
37,짬뽕,3
37,탕수육,4
37,마라탕,5
37,양꼬치,5
37,마파두부밥,2
37,유산슬,2
37,깐풍기,4
37,훠궈,1
37,팔보채,1
37,우동,3
37,생선회,4
37,초밥,5
37,돈부리 덮밥,2
37,라멘,1
37,메밀소바,4
37,타코야끼,3
37,오코노미야끼,5
37,스키야키,1
37,규카츠,2
37,치킨,4
37,스파게티,2
37,피자,1
37,햄버거,4
37,스테이크,2
37,부리또,3
37,타코,3
37,리조또,4
37,쌀국수,5
37,팟타이,5
38,비빔밥,5
38,볶음밥,5
38,김치찌개,3
38,된장찌개,3
38,순두부찌개,2
38,삼계탕,5
38,갈비,5
38,생선구이,4
38,삼겹살,5
38,보쌈,5
38,족발,5
38,곱창,5
38,떡볶이,5
38,돈까스,5
38,제육볶음,5
38,매운탕,1
38,청국장,1
38,순대국밥,5
38,감자탕,5
38,냉면,5
38,추어탕,3
38,낙지볶음,5
38,육개장,5
38,찜닭,5
38,나주곰탕,3
38,소머리 국밥,3
38,물회,2
38,샤브샤브,5
38,간장게장,5
38,칼국수,5
38,짜장면,5
38,짬뽕,5
38,탕수육,5
38,마라탕,3
38,양꼬치,3
38,마파두부밥,2
38,유산슬,5
38,깐풍기,5
38,훠궈,3
38,팔보채,5
38,우동,5
38,생선회,5
38,초밥,5
38,돈부리 덮밥,5
38,라멘,5
38,메밀소바,5
38,타코야끼,5
38,오코노미야끼,4
38,스키야키,4
38,규카츠,4
38,치킨,5
38,스파게티,5
38,피자,5
38,햄버거,5
38,스테이크,5
38,부리또,5
38,타코,3
38,리조또,3
38,쌀국수,1
38,팟타이,2
39,비빔밥,4
39,볶음밥,4
39,김치찌개,4
39,된장찌개,4
39,순두부찌개,3
39,삼계탕,2
39,갈비,3
39,생선구이,3
39,삼겹살,4
39,보쌈,3
39,족발,3
39,곱창,2
39,떡볶이,3
39,돈까스,3
39,제육볶음,4
39,매운탕,4
39,청국장,3
39,순대국밥,3
39,감자탕,3
39,냉면,3
39,추어탕,3
39,낙지볶음,4
39,육개장,2
39,찜닭,3
39,나주곰탕,1
39,소머리 국밥,2
39,물회,2
39,샤브샤브,2
39,간장게장,1
39,칼국수,2
39,짜장면,4
39,짬뽕,4
39,탕수육,4
39,마라탕,1
39,양꼬치,3
39,마파두부밥,4
39,유산슬,1
39,깐풍기,3
39,훠궈,2
39,팔보채,2
39,우동,2
39,생선회,4
39,초밥,4
39,돈부리 덮밥,4
39,라멘,1
39,메밀소바,4
39,타코야끼,2
39,오코노미야끼,2
39,스키야키,3
39,규카츠,3
39,치킨,4
39,스파게티,3
39,피자,4
39,햄버거,3
39,스테이크,2
39,부리또,2
39,타코,1
39,리조또,1
39,쌀국수,1
39,팟타이,1
40,비빔밥,2
40,볶음밥,2
40,김치찌개,4
40,된장찌개,4
40,순두부찌개,4
40,삼계탕,5
40,갈비,5
40,생선구이,4
40,삼겹살,2
40,보쌈,3
40,족발,3
40,곱창,3
40,떡볶이,2
40,돈까스,1
40,제육볶음,1
40,매운탕,5
40,청국장,2
40,순대국밥,3
40,감자탕,4
40,냉면,4
40,추어탕,5
40,낙지볶음,5
40,육개장,3
40,찜닭,3
40,나주곰탕,2
40,소머리 국밥,1
40,물회,5
40,샤브샤브,1
40,간장게장,1
40,칼국수,1
40,짜장면,1
40,짬뽕,1
40,탕수육,3
40,마라탕,4
40,양꼬치,4
40,마파두부밥,2
40,유산슬,2
40,깐풍기,3
40,훠궈,5
40,팔보채,5
40,우동,1
40,생선회,2
40,초밥,5
40,돈부리 덮밥,2
40,라멘,1
40,메밀소바,3
40,타코야끼,3
40,오코노미야끼,4
40,스키야키,4
40,규카츠,5
40,치킨,2
40,스파게티,3
40,피자,4
40,햄버거,1
40,스테이크,5
40,부리또,3
40,타코,5
40,리조또,4
40,쌀국수,2
40,팟타이,1
41,비빔밥,4
41,볶음밥,2
41,김치찌개,3
41,된장찌개,3
41,순두부찌개,3
41,삼계탕,4
41,갈비,5
41,생선구이,5
41,삼겹살,5
41,보쌈,5
41,족발,5
41,곱창,1
41,떡볶이,2
41,돈까스,3
41,제육볶음,4
41,매운탕,4
41,청국장,3
41,순대국밥,2
41,감자탕,5
41,냉면,2
41,추어탕,1
41,낙지볶음,2
41,육개장,4
41,찜닭,2
41,나주곰탕,4
41,소머리 국밥,3
41,물회,1
41,샤브샤브,1
41,간장게장,1
41,칼국수,1
41,짜장면,2
41,짬뽕,3
41,탕수육,5
41,마라탕,1
41,양꼬치,5
41,마파두부밥,4
41,유산슬,3
41,깐풍기,4
41,훠궈,2
41,팔보채,1
41,우동,2
41,생선회,4
41,초밥,4
41,돈부리 덮밥,2
41,라멘,1
41,메밀소바,3
41,타코야끼,3
41,오코노미야끼,5
41,스키야키,5
41,규카츠,1
41,치킨,1
41,스파게티,5
41,피자,5
41,햄버거,4
41,스테이크,4
41,부리또,3
41,타코,1
41,리조또,2
41,쌀국수,2
41,팟타이,3
42,비빔밥,1
42,볶음밥,2
42,김치찌개,2
42,된장찌개,2
42,순두부찌개,2
42,삼계탕,2
42,갈비,5
42,생선구이,1
42,삼겹살,5
42,보쌈,4
42,족발,4
42,곱창,1
42,떡볶이,4
42,돈까스,5
42,제육볶음,5
42,매운탕,1
42,청국장,1
42,순대국밥,3
42,감자탕,5
42,냉면,4
42,추어탕,1
42,낙지볶음,2
42,육개장,4
42,찜닭,5
42,나주곰탕,3
42,소머리 국밥,4
42,물회,3
42,샤브샤브,3
42,간장게장,3
42,칼국수,3
42,짜장면,5
42,짬뽕,2
42,탕수육,4
42,마라탕,1
42,양꼬치,2
42,마파두부밥,3
42,유산슬,1
42,깐풍기,4
42,훠궈,5
42,팔보채,3
42,우동,4
42,생선회,1
42,초밥,1
42,돈부리 덮밥,5
42,라멘,2
42,메밀소바,2
42,타코야끼,3
42,오코노미야끼,3
42,스키야키,4
42,규카츠,5
42,치킨,4
42,스파게티,2
42,피자,5
42,햄버거,5
42,스테이크,2
42,부리또,1
42,타코,1
42,리조또,3
42,쌀국수,4
42,팟타이,3
43,비빔밥,3
43,볶음밥,4
43,김치찌개,4
43,된장찌개,2
43,순두부찌개,4
43,삼계탕,2
43,갈비,4
43,생선구이,3
43,삼겹살,4
43,보쌈,3
43,족발,2
43,곱창,4
43,떡볶이,2
43,돈까스,3
43,제육볶음,4
43,매운탕,2
43,청국장,2
43,순대국밥,4
43,감자탕,3
43,냉면,1
43,추어탕,1
43,낙지볶음,1
43,육개장,2
43,찜닭,3
43,나주곰탕,4
43,소머리 국밥,3
43,물회,2
43,샤브샤브,1
43,간장게장,1
43,칼국수,2
43,짜장면,4
43,짬뽕,2
43,탕수육,4
43,마라탕,1
43,양꼬치,3
43,마파두부밥,1
43,유산슬,1
43,깐풍기,3
43,훠궈,2
43,팔보채,1
43,우동,1
43,생선회,3
43,초밥,3
43,돈부리 덮밥,4
43,라멘,4
43,메밀소바,4
43,타코야끼,2
43,오코노미야끼,2
43,스키야키,1
43,규카츠,3
43,치킨,4
43,스파게티,3
43,피자,2
43,햄버거,4
43,스테이크,4
43,부리또,4
43,타코,1
43,리조또,2
43,쌀국수,2
43,팟타이,2
44,비빔밥,1
44,볶음밥,2
44,김치찌개,2
44,된장찌개,1
44,순두부찌개,3
44,삼계탕,3
44,갈비,5
44,생선구이,2
44,삼겹살,5
44,보쌈,4
44,족발,5
44,곱창,5
44,떡볶이,1
44,돈까스,5
44,제육볶음,4
44,매운탕,2
44,청국장,2
44,순대국밥,3
44,감자탕,4
44,냉면,1
44,추어탕,3
44,낙지볶음,3
44,육개장,2
44,찜닭,5
44,나주곰탕,2
44,소머리 국밥,4
44,물회,4
44,샤브샤브,3
44,간장게장,4
44,칼국수,1
44,짜장면,4
44,짬뽕,3
44,탕수육,5
44,마라탕,2
44,양꼬치,4
44,마파두부밥,1
44,유산슬,1
44,깐풍기,5
44,훠궈,3
44,팔보채,2
44,우동,2
44,생선회,5
44,초밥,4
44,돈부리 덮밥,4
44,라멘,2
44,메밀소바,1
44,타코야끼,1
44,오코노미야끼,3
44,스키야키,3
44,규카츠,5
44,치킨,5
44,스파게티,4
44,피자,4
44,햄버거,3
44,스테이크,5
44,부리또,2
44,타코,1
44,리조또,3
44,쌀국수,1
44,팟타이,2
45,비빔밥,4
45,볶음밥,2
45,김치찌개,5
45,된장찌개,4
45,순두부찌개,5
45,삼계탕,4
45,갈비,4
45,생선구이,5
45,삼겹살,2
45,보쌈,3
45,족발,3
45,곱창,2
45,떡볶이,2
45,돈까스,1
45,제육볶음,1
45,매운탕,4
45,청국장,5
45,순대국밥,3
45,감자탕,3
45,냉면,2
45,추어탕,5
45,낙지볶음,5
45,육개장,1
45,찜닭,1
45,나주곰탕,4
45,소머리 국밥,3
45,물회,1
45,샤브샤브,2
45,간장게장,1
45,칼국수,3
45,짜장면,2
45,짬뽕,5
45,탕수육,5
45,마라탕,1
45,양꼬치,1
45,마파두부밥,4
45,유산슬,2
45,깐풍기,4
45,훠궈,3
45,팔보채,3
45,우동,4
45,생선회,5
45,초밥,5
45,돈부리 덮밥,2
45,라멘,2
45,메밀소바,4
45,타코야끼,1
45,오코노미야끼,3
45,스키야키,1
45,규카츠,3
45,치킨,3
45,스파게티,4
45,피자,4
45,햄버거,1
45,스테이크,5
45,부리또,1
45,타코,2
45,리조또,2
45,쌀국수,5
45,팟타이,3
46,비빔밥,2
46,볶음밥,4
46,김치찌개,1
46,된장찌개,1
46,순두부찌개,4
46,삼계탕,3
46,갈비,5
46,생선구이,4
46,삼겹살,3
46,보쌈,5
46,족발,5
46,곱창,5
46,떡볶이,4
46,돈까스,2
46,제육볶음,3
46,매운탕,3
46,청국장,1
46,순대국밥,2
46,감자탕,2
46,냉면,3
46,추어탕,1
46,낙지볶음,1
46,육개장,1
46,찜닭,5
46,나주곰탕,4
46,소머리 국밥,2
46,물회,3
46,샤브샤브,5
46,간장게장,2
46,칼국수,4
46,짜장면,3
46,짬뽕,5
46,탕수육,5
46,마라탕,4
46,양꼬치,4
46,마파두부밥,3
46,유산슬,2
46,깐풍기,2
46,훠궈,1
46,팔보채,1
46,우동,2
46,생선회,4
46,초밥,5
46,돈부리 덮밥,4
46,라멘,1
46,메밀소바,2
46,타코야끼,3
46,오코노미야끼,3
46,스키야키,1
46,규카츠,5
46,치킨,5
46,스파게티,3
46,피자,2
46,햄버거,1
46,스테이크,5
46,부리또,2
46,타코,1
46,리조또,4
46,쌀국수,3
46,팟타이,4
47,비빔밥,3
47,볶음밥,4
47,김치찌개,5
47,된장찌개,5
47,순두부찌개,5
47,삼계탕,2
47,갈비,4
47,생선구이,3
47,삼겹살,5
47,보쌈,5
47,족발,3
47,곱창,5
47,떡볶이,5
47,돈까스,4
47,제육볶음,4
47,매운탕,2
47,청국장,4
47,순대국밥,4
47,감자탕,3
47,냉면,3
47,추어탕,3
47,낙지볶음,3
47,육개장,2
47,찜닭,2
47,나주곰탕,3
47,소머리 국밥,5
47,물회,2
47,샤브샤브,3
47,간장게장,3
47,칼국수,3
47,짜장면,5
47,짬뽕,2
47,탕수육,5
47,마라탕,1
47,양꼬치,3
47,마파두부밥,4
47,유산슬,2
47,깐풍기,3
47,훠궈,4
47,팔보채,1
47,우동,5
47,생선회,3
47,초밥,2
47,돈부리 덮밥,5
47,라멘,3
47,메밀소바,4
47,타코야끼,4
47,오코노미야끼,2
47,스키야키,1
47,규카츠,3
47,치킨,5
47,스파게티,2
47,피자,4
47,햄버거,1
47,스테이크,4
47,부리또,2
47,타코,1
47,리조또,2
47,쌀국수,2
47,팟타이,2
48,비빔밥,5
48,볶음밥,5
48,김치찌개,5
48,된장찌개,1
48,순두부찌개,1
48,삼계탕,2
48,갈비,3
48,생선구이,1
48,삼겹살,4
48,보쌈,3
48,족발,1
48,곱창,2
48,떡볶이,3
48,돈까스,3
48,제육볶음,3
48,매운탕,1
48,청국장,1
48,순대국밥,4
48,감자탕,2
48,냉면,5
48,추어탕,1
48,낙지볶음,2
48,육개장,4
48,찜닭,4
48,나주곰탕,1
48,소머리 국밥,1
48,물회,1
48,샤브샤브,3
48,간장게장,2
48,칼국수,3
48,짜장면,4
48,짬뽕,5
48,탕수육,5
48,마라탕,4
48,양꼬치,1
48,마파두부밥,3
48,유산슬,1
48,깐풍기,2
48,훠궈,2
48,팔보채,3
48,우동,4
48,생선회,4
48,초밥,5
48,돈부리 덮밥,2
48,라멘,3
48,메밀소바,3
48,타코야끼,2
48,오코노미야끼,1
48,스키야키,1
48,규카츠,5
48,치킨,5
48,스파게티,4
48,피자,3
48,햄버거,5
48,스테이크,3
48,부리또,2
48,타코,2
48,리조또,4
48,쌀국수,1
48,팟타이,1
49,비빔밥,2
49,볶음밥,2
49,김치찌개,3
49,된장찌개,1
49,순두부찌개,3
49,삼계탕,3
49,갈비,5
49,생선구이,1
49,삼겹살,5
49,보쌈,3
49,족발,4
49,곱창,4
49,떡볶이,5
49,돈까스,5
49,제육볶음,4
49,매운탕,1
49,청국장,2
49,순대국밥,3
49,감자탕,4
49,냉면,4
49,추어탕,1
49,낙지볶음,1
49,육개장,2
49,찜닭,3
49,나주곰탕,1
49,소머리 국밥,2
49,물회,5
49,샤브샤브,5
49,간장게장,2
49,칼국수,4
49,짜장면,3
49,짬뽕,3
49,탕수육,4
49,마라탕,2
49,양꼬치,5
49,마파두부밥,2
49,유산슬,1
49,깐풍기,5
49,훠궈,4
49,팔보채,1
49,우동,1
49,생선회,4
49,초밥,5
49,돈부리 덮밥,3
49,라멘,3
49,메밀소바,2
49,타코야끼,2
49,오코노미야끼,1
49,스키야키,4
49,규카츠,5
49,치킨,4
49,스파게티,3
49,피자,5
49,햄버거,3
49,스테이크,5
49,부리또,4
49,타코,2
49,리조또,2
49,쌀국수,1
49,팟타이,1
50,비빔밥,1
50,볶음밥,2
50,김치찌개,1
50,된장찌개,2
50,순두부찌개,3
50,삼계탕,1
50,갈비,2
50,생선구이,3
50,삼겹살,1
50,보쌈,3
50,족발,2
50,곱창,3
50,떡볶이,1
50,돈까스,2
50,제육볶음,1
50,매운탕,3
50,청국장,2
50,순대국밥,3
50,감자탕,1
50,냉면,3
50,추어탕,4
50,낙지볶음,4
50,육개장,4
50,찜닭,4
50,나주곰탕,4
50,소머리 국밥,4
50,물회,4
50,샤브샤브,3
50,간장게장,2
50,칼국수,3
50,짜장면,2
50,짬뽕,1
50,탕수육,2
50,마라탕,3
50,양꼬치,4
50,마파두부밥,2
50,유산슬,3
50,깐풍기,3
50,훠궈,1
50,팔보채,4
50,우동,1
50,생선회,4
50,초밥,3
50,돈부리 덮밥,2
50,라멘,4
50,메밀소바,3
50,타코야끼,2
50,오코노미야끼,1
50,스키야키,2
50,규카츠,3
50,치킨,1
50,스파게티,3
50,피자,2
50,햄버거,3
50,스테이크,2
50,부리또,1
50,타코,4
50,리조또,3
50,쌀국수,2
50,팟타이,3
51,비빔밥,5
51,볶음밥,3
51,김치찌개,4
51,된장찌개,4
51,순두부찌개,2
51,삼계탕,2
51,갈비,4
51,생선구이,3
51,삼겹살,5
51,보쌈,4
51,족발,2
51,곱창,5
51,떡볶이,5
51,돈까스,3
51,제육볶음,3
51,매운탕,4
51,청국장,1
51,순대국밥,4
51,감자탕,5
51,냉면,3
51,추어탕,1
51,낙지볶음,1
51,육개장,1
51,찜닭,5
51,나주곰탕,1
51,소머리 국밥,1
51,물회,3
51,샤브샤브,1
51,간장게장,2
51,칼국수,2
51,짜장면,5
51,짬뽕,4
51,탕수육,5
51,마라탕,3
51,양꼬치,4
51,마파두부밥,2
51,유산슬,1
51,깐풍기,3
51,훠궈,2
51,팔보채,1
51,우동,3
51,생선회,3
51,초밥,5
51,돈부리 덮밥,2
51,라멘,5
51,메밀소바,2
51,타코야끼,1
51,오코노미야끼,4
51,스키야키,1
51,규카츠,4
51,치킨,5
51,스파게티,3
51,피자,5
51,햄버거,4
51,스테이크,4
51,부리또,1
51,타코,2
51,리조또,3
51,쌀국수,1
51,팟타이,2
52,비빔밥,4
52,볶음밥,4
52,김치찌개,4
52,된장찌개,3
52,순두부찌개,3
52,삼계탕,3
52,갈비,3
52,생선구이,2
52,삼겹살,4
52,보쌈,3
52,족발,4
52,곱창,4
52,떡볶이,3
52,돈까스,3
52,제육볶음,3
52,매운탕,3
52,청국장,3
52,순대국밥,4
52,감자탕,3
52,냉면,2
52,추어탕,2
52,낙지볶음,2
52,육개장,3
52,찜닭,4
52,나주곰탕,3
52,소머리 국밥,3
52,물회,3
52,샤브샤브,2
52,간장게장,3
52,칼국수,3
52,짜장면,3
52,짬뽕,4
52,탕수육,4
52,마라탕,2
52,양꼬치,3
52,마파두부밥,3
52,유산슬,3
52,깐풍기,4
52,훠궈,2
52,팔보채,2
52,우동,3
52,생선회,4
52,초밥,4
52,돈부리 덮밥,4
52,라멘,4
52,메밀소바,3
52,타코야끼,3
52,오코노미야끼,3
52,스키야키,3
52,규카츠,3
52,치킨,4
52,스파게티,4
52,피자,4
52,햄버거,3
52,스테이크,4
52,부리또,3
52,타코,3
52,리조또,3
52,쌀국수,2
52,팟타이,2
53,비빔밥,3
53,볶음밥,4
53,김치찌개,3
53,된장찌개,3
53,순두부찌개,3
53,삼계탕,3
53,갈비,5
53,생선구이,3
53,삼겹살,5
53,보쌈,5
53,족발,4
53,곱창,5
53,떡볶이,5
53,돈까스,4
53,제육볶음,4
53,매운탕,4
53,청국장,1
53,순대국밥,2
53,감자탕,3
53,냉면,3
53,추어탕,1
53,낙지볶음,3
53,육개장,3
53,찜닭,4
53,나주곰탕,3
53,소머리 국밥,2
53,물회,3
53,샤브샤브,5
53,간장게장,5
53,칼국수,5
53,짜장면,5
53,짬뽕,4
53,탕수육,4
53,마라탕,5
53,양꼬치,4
53,마파두부밥,3
53,유산슬,2
53,깐풍기,4
53,훠궈,3
53,팔보채,2
53,우동,4
53,생선회,5
53,초밥,4
53,돈부리 덮밥,3
53,라멘,4
53,메밀소바,5
53,타코야끼,3
53,오코노미야끼,3
53,스키야키,3
53,규카츠,5
53,치킨,5
53,스파게티,5
53,피자,4
53,햄버거,5
53,스테이크,5
53,부리또,3
53,타코,4
53,리조또,2
53,쌀국수,2
53,팟타이,4
54,비빔밥,1
54,볶음밥,2
54,김치찌개,2
54,된장찌개,2
54,순두부찌개,2
54,삼계탕,2
54,갈비,5
54,생선구이,1
54,삼겹살,5
54,보쌈,4
54,족발,4
54,곱창,1
54,떡볶이,4
54,돈까스,5
54,제육볶음,5
54,매운탕,1
54,청국장,1
54,순대국밥,3
54,감자탕,5
54,냉면,4
54,추어탕,1
54,낙지볶음,2
54,육개장,4
54,찜닭,5
54,나주곰탕,3
54,소머리 국밥,4
54,물회,3
54,샤브샤브,3
54,간장게장,3
54,칼국수,3
54,짜장면,5
54,짬뽕,2
54,탕수육,4
54,마라탕,1
54,양꼬치,2
54,마파두부밥,3
54,유산슬,1
54,깐풍기,4
54,훠궈,5
54,팔보채,3
54,우동,4
54,생선회,1
54,초밥,1
54,돈부리 덮밥,5
54,라멘,2
54,메밀소바,2
54,타코야끼,3
54,오코노미야끼,3
54,스키야키,4
54,규카츠,5
54,치킨,4
54,스파게티,2
54,피자,5
54,햄버거,5
54,스테이크,2
54,부리또,1
54,타코,1
54,리조또,3
54,쌀국수,4
54,팟타이,3
55,비빔밥,3
55,볶음밥,4
55,김치찌개,5
55,된장찌개,4
55,순두부찌개,3
55,삼계탕,5
55,갈비,5
55,생선구이,3
55,삼겹살,5
55,보쌈,5
55,족발,5
55,곱창,5
55,떡볶이,3
55,돈까스,2
55,제육볶음,3
55,매운탕,4
55,청국장,3
55,순대국밥,4
55,감자탕,5
55,냉면,3
55,추어탕,3
55,낙지볶음,4
55,육개장,4
55,찜닭,3
55,나주곰탕,3
55,소머리 국밥,1
55,물회,5
55,샤브샤브,5
55,간장게장,1
55,칼국수,3
55,짜장면,3
55,짬뽕,4
55,탕수육,4
55,마라탕,5
55,양꼬치,5
55,마파두부밥,2
55,유산슬,4
55,깐풍기,4
55,훠궈,5
55,팔보채,3
55,우동,1
55,생선회,5
55,초밥,4
55,돈부리 덮밥,2
55,라멘,2
55,메밀소바,3
55,타코야끼,3
55,오코노미야끼,3
55,스키야키,3
55,규카츠,4
55,치킨,5
55,스파게티,5
55,피자,5
55,햄버거,4
55,스테이크,5
55,부리또,3
55,타코,3
55,리조또,4
55,쌀국수,1
55,팟타이,2
56,비빔밥,2
56,볶음밥,4
56,김치찌개,3
56,된장찌개,3
56,순두부찌개,3
56,삼계탕,2
56,갈비,4
56,생선구이,3
56,삼겹살,3
56,보쌈,3
56,족발,3
56,곱창,3
56,떡볶이,2
56,돈까스,3
56,제육볶음,4
56,매운탕,1
56,청국장,3
56,순대국밥,2
56,감자탕,2
56,냉면,3
56,추어탕,1
56,낙지볶음,3
56,육개장,2
56,찜닭,3
56,나주곰탕,3
56,소머리 국밥,1
56,물회,2
56,샤브샤브,2
56,간장게장,2
56,칼국수,2
56,짜장면,3
56,짬뽕,3
56,탕수육,4
56,마라탕,2
56,양꼬치,2
56,마파두부밥,3
56,유산슬,2
56,깐풍기,4
56,훠궈,3
56,팔보채,2
56,우동,4
56,생선회,4
56,초밥,4
56,돈부리 덮밥,4
56,라멘,4
56,메밀소바,4
56,타코야끼,4
56,오코노미야끼,4
56,스키야키,4
56,규카츠,4
56,치킨,4
56,스파게티,4
56,피자,3
56,햄버거,4
56,스테이크,3
56,부리또,4
56,타코,2
56,리조또,3
56,쌀국수,2
56,팟타이,2
57,비빔밥,1
57,볶음밥,5
57,김치찌개,5
57,된장찌개,4
57,순두부찌개,4
57,삼계탕,4
57,갈비,4
57,생선구이,3
57,삼겹살,4
57,보쌈,5
57,족발,5
57,곱창,5
57,떡볶이,5
57,돈까스,3
57,제육볶음,4
57,매운탕,3
57,청국장,3
57,순대국밥,4
57,감자탕,4
57,냉면,3
57,추어탕,3
57,낙지볶음,3
57,육개장,3
57,찜닭,2
57,나주곰탕,4
57,소머리 국밥,3
57,물회,4
57,샤브샤브,4
57,간장게장,5
57,칼국수,5
57,짜장면,3
57,짬뽕,4
57,탕수육,5
57,마라탕,4
57,양꼬치,5
57,마파두부밥,3
57,유산슬,4
57,깐풍기,4
57,훠궈,4
57,팔보채,4
57,우동,3
57,생선회,5
57,초밥,5
57,돈부리 덮밥,3
57,라멘,3
57,메밀소바,3
57,타코야끼,4
57,오코노미야끼,5
57,스키야키,4
57,규카츠,4
57,치킨,3
57,스파게티,3
57,피자,4
57,햄버거,4
57,스테이크,5
57,부리또,5
57,타코,5
57,리조또,4
57,쌀국수,4
57,팟타이,3
58,비빔밥,5
58,볶음밥,4
58,김치찌개,5
58,된장찌개,3
58,순두부찌개,4
58,삼계탕,2
58,갈비,4
58,생선구이,1
58,삼겹살,3
58,보쌈,3
58,족발,2
58,곱창,2
58,떡볶이,3
58,돈까스,4
58,제육볶음,5
58,매운탕,1
58,청국장,1
58,순대국밥,5
58,감자탕,5
58,냉면,5
58,추어탕,1
58,낙지볶음,3
58,육개장,3
58,찜닭,5
58,나주곰탕,3
58,소머리 국밥,1
58,물회,5
58,샤브샤브,5
58,간장게장,5
58,칼국수,1
58,짜장면,4
58,짬뽕,3
58,탕수육,5
58,마라탕,5
58,양꼬치,5
58,마파두부밥,2
58,유산슬,4
58,깐풍기,5
58,훠궈,4
58,팔보채,3
58,우동,1
58,생선회,5
58,초밥,5
58,돈부리 덮밥,5
58,라멘,5
58,메밀소바,3
58,타코야끼,5
58,오코노미야끼,3
58,스키야키,4
58,규카츠,5
58,치킨,5
58,스파게티,5
58,피자,5
58,햄버거,5
58,스테이크,5
58,부리또,5
58,타코,5
58,리조또,5
58,쌀국수,3
58,팟타이,5
59,비빔밥,4
59,볶음밥,4
59,김치찌개,4
59,된장찌개,4
59,순두부찌개,4
59,삼계탕,3
59,갈비,4
59,생선구이,3
59,삼겹살,4
59,보쌈,4
59,족발,4
59,곱창,3
59,떡볶이,4
59,돈까스,5
59,제육볶음,4
59,매운탕,3
59,청국장,4
59,순대국밥,5
59,감자탕,4
59,냉면,4
59,추어탕,2
59,낙지볶음,3
59,육개장,4
59,찜닭,4
59,나주곰탕,4
59,소머리 국밥,4
59,물회,3
59,샤브샤브,4
59,간장게장,4
59,칼국수,4
59,짜장면,5
59,짬뽕,4
59,탕수육,5
59,마라탕,4
59,양꼬치,4
59,마파두부밥,5
59,유산슬,3
59,깐풍기,4
59,훠궈,3
59,팔보채,3
59,우동,3
59,생선회,4
59,초밥,5
59,돈부리 덮밥,5
59,라멘,5
59,메밀소바,4
59,타코야끼,4
59,오코노미야끼,4
59,스키야키,3
59,규카츠,4
59,치킨,5
59,스파게티,5
59,피자,5
59,햄버거,5
59,스테이크,5
59,부리또,3
59,타코,4
59,리조또,3
59,쌀국수,2
59,팟타이,2
60,비빔밥,3
60,볶음밥,3
60,김치찌개,5
60,된장찌개,3
60,순두부찌개,5
60,삼계탕,3
60,갈비,4
60,생선구이,5
60,삼겹살,3
60,보쌈,5
60,족발,3
60,곱창,5
60,떡볶이,5
60,돈까스,4
60,제육볶음,3
60,매운탕,3
60,청국장,2
60,순대국밥,4
60,감자탕,1
60,냉면,3
60,추어탕,3
60,낙지볶음,2
60,육개장,2
60,찜닭,3
60,나주곰탕,1
60,소머리 국밥,1
60,물회,5
60,샤브샤브,3
60,간장게장,5
60,칼국수,1
60,짜장면,3
60,짬뽕,3
60,탕수육,5
60,마라탕,4
60,양꼬치,5
60,마파두부밥,3
60,유산슬,3
60,깐풍기,4
60,훠궈,3
60,팔보채,4
60,우동,1
60,생선회,5
60,초밥,5
60,돈부리 덮밥,5
60,라멘,5
60,메밀소바,5
60,타코야끼,4
60,오코노미야끼,4
60,스키야키,5
60,규카츠,5
60,치킨,3
60,스파게티,5
60,피자,5
60,햄버거,3
60,스테이크,4
60,부리또,4
60,타코,4
60,리조또,2
60,쌀국수,2
60,팟타이,3
61,비빔밥,3
61,볶음밥,3
61,김치찌개,3
61,된장찌개,3
61,순두부찌개,4
61,삼계탕,4
61,갈비,3
61,생선구이,5
61,삼겹살,4
61,보쌈,2
61,족발,4
61,곱창,5
61,떡볶이,5
61,돈까스,2
61,제육볶음,4
61,매운탕,4
61,청국장,2
61,순대국밥,4
61,감자탕,3
61,냉면,4
61,추어탕,3
61,낙지볶음,3
61,육개장,3
61,찜닭,4
61,나주곰탕,3
61,소머리 국밥,4
61,물회,4
61,샤브샤브,4
61,간장게장,5
61,칼국수,4
61,짜장면,3
61,짬뽕,4
61,탕수육,3
61,마라탕,5
61,양꼬치,5
61,마파두부밥,3
61,유산슬,2
61,깐풍기,3
61,훠궈,4
61,팔보채,3
61,우동,3
61,생선회,4
61,초밥,4
61,돈부리 덮밥,3
61,라멘,3
61,메밀소바,2
61,타코야끼,4
61,오코노미야끼,5
61,스키야키,3
61,규카츠,3
61,치킨,5
61,스파게티,5
61,피자,4
61,햄버거,3
61,스테이크,3
61,부리또,4
61,타코,2
61,리조또,2
61,쌀국수,2
61,팟타이,1
62,비빔밥,2
62,볶음밥,3
62,김치찌개,3
62,된장찌개,3
62,순두부찌개,3
62,삼계탕,4
62,갈비,4
62,생선구이,4
62,삼겹살,5
62,보쌈,4
62,족발,5
62,곱창,5
62,떡볶이,2
62,돈까스,4
62,제육볶음,4
62,매운탕,2
62,청국장,2
62,순대국밥,3
62,감자탕,4
62,냉면,3
62,추어탕,2
62,낙지볶음,2
62,육개장,4
62,찜닭,4
62,나주곰탕,4
62,소머리 국밥,2
62,물회,2
62,샤브샤브,3
62,간장게장,3
62,칼국수,3
62,짜장면,5
62,짬뽕,4
62,탕수육,5
62,마라탕,2
62,양꼬치,4
62,마파두부밥,3
62,유산슬,3
62,깐풍기,4
62,훠궈,3
62,팔보채,3
62,우동,5
62,생선회,3
62,초밥,5
62,돈부리 덮밥,4
62,라멘,5
62,메밀소바,5
62,타코야끼,4
62,오코노미야끼,4
62,스키야키,3
62,규카츠,4
62,치킨,5
62,스파게티,4
62,피자,3
62,햄버거,5
62,스테이크,4
62,부리또,3
62,타코,4
62,리조또,3
62,쌀국수,3
62,팟타이,3
63,비빔밥,1
63,볶음밥,1
63,김치찌개,4
63,된장찌개,4
63,순두부찌개,1
63,삼계탕,2
63,갈비,4
63,생선구이,2
63,삼겹살,4
63,보쌈,4
63,족발,4
63,곱창,4
63,떡볶이,4
63,돈까스,4
63,제육볶음,4
63,매운탕,1
63,청국장,4
63,순대국밥,3
63,감자탕,4
63,냉면,2
63,추어탕,4
63,낙지볶음,2
63,육개장,2
63,찜닭,2
63,나주곰탕,2
63,소머리 국밥,2
63,물회,4
63,샤브샤브,2
63,간장게장,4
63,칼국수,4
63,짜장면,4
63,짬뽕,4
63,탕수육,4
63,마라탕,2
63,양꼬치,4
63,마파두부밥,4
63,유산슬,2
63,깐풍기,4
63,훠궈,2
63,팔보채,4
63,우동,4
63,생선회,4
63,초밥,4
63,돈부리 덮밥,4
63,라멘,4
63,메밀소바,4
63,타코야끼,4
63,오코노미야끼,4
63,스키야키,4
63,규카츠,4
63,치킨,4
63,스파게티,4
63,피자,4
63,햄버거,4
63,스테이크,4
63,부리또,4
63,타코,4
63,리조또,4
63,쌀국수,4
63,팟타이,4
64,비빔밥,2
64,볶음밥,3
64,김치찌개,3
64,된장찌개,3
64,순두부찌개,3
64,삼계탕,3
64,갈비,4
64,생선구이,1
64,삼겹살,4
64,보쌈,4
64,족발,4
64,곱창,2
64,떡볶이,2
64,돈까스,4
64,제육볶음,4
64,매운탕,1
64,청국장,1
64,순대국밥,4
64,감자탕,4
64,냉면,2
64,추어탕,1
64,낙지볶음,3
64,육개장,2
64,찜닭,3
64,나주곰탕,4
64,소머리 국밥,2
64,물회,3
64,샤브샤브,2
64,간장게장,1
64,칼국수,2
64,짜장면,4
64,짬뽕,4
64,탕수육,4
64,마라탕,2
64,양꼬치,2
64,마파두부밥,3
64,유산슬,2
64,깐풍기,3
64,훠궈,1
64,팔보채,2
64,우동,4
64,생선회,2
64,초밥,3
64,돈부리 덮밥,1
64,라멘,3
64,메밀소바,3
64,타코야끼,3
64,오코노미야끼,3
64,스키야키,1
64,규카츠,3
64,치킨,4
64,스파게티,4
64,피자,2
64,햄버거,4
64,스테이크,3
64,부리또,2
64,타코,2
64,리조또,3
64,쌀국수,2
64,팟타이,2
65,비빔밥,2
65,볶음밥,2
65,김치찌개,5
65,된장찌개,5
65,순두부찌개,3
65,삼계탕,5
65,갈비,5
65,생선구이,5
65,삼겹살,5
65,보쌈,5
65,족발,5
65,곱창,5
65,떡볶이,3
65,돈까스,3
65,제육볶음,2
65,매운탕,4
65,청국장,4
65,순대국밥,5
65,감자탕,5
65,냉면,5
65,추어탕,5
65,낙지볶음,4
65,육개장,2
65,찜닭,1
65,나주곰탕,5
65,소머리 국밥,5
65,물회,5
65,샤브샤브,5
65,간장게장,5
65,칼국수,5
65,짜장면,5
65,짬뽕,4
65,탕수육,5
65,마라탕,5
65,양꼬치,5
65,마파두부밥,2
65,유산슬,3
65,깐풍기,5
65,훠궈,5
65,팔보채,4
65,우동,5
65,생선회,5
65,초밥,5
65,돈부리 덮밥,5
65,라멘,5
65,메밀소바,5
65,타코야끼,5
65,오코노미야끼,5
65,스키야키,5
65,규카츠,5
65,치킨,5
65,스파게티,5
65,피자,5
65,햄버거,5
65,스테이크,5
65,부리또,5
65,타코,5
65,리조또,5
65,쌀국수,5
65,팟타이,5
66,비빔밥,5
66,볶음밥,5
66,김치찌개,5
66,된장찌개,5
66,순두부찌개,5
66,삼계탕,3
66,갈비,3
66,생선구이,4
66,삼겹살,3
66,보쌈,3
66,족발,4
66,곱창,3
66,떡볶이,4
66,돈까스,4
66,제육볶음,4
66,매운탕,3
66,청국장,5
66,순대국밥,4
66,감자탕,3
66,냉면,3
66,추어탕,2
66,낙지볶음,4
66,육개장,3
66,찜닭,3
66,나주곰탕,4
66,소머리 국밥,4
66,물회,3
66,샤브샤브,3
66,간장게장,4
66,칼국수,5
66,짜장면,3
66,짬뽕,5
66,탕수육,4
66,마라탕,3
66,양꼬치,3
66,마파두부밥,3
66,유산슬,3
66,깐풍기,2
66,훠궈,3
66,팔보채,3
66,우동,4
66,생선회,5
66,초밥,5
66,돈부리 덮밥,4
66,라멘,5
66,메밀소바,4
66,타코야끼,4
66,오코노미야끼,3
66,스키야키,3
66,규카츠,3
66,치킨,3
66,스파게티,4
66,피자,3
66,햄버거,2
66,스테이크,4
66,부리또,3
66,타코,3
66,리조또,2
66,쌀국수,5
66,팟타이,3
67,비빔밥,2
67,볶음밥,2
67,김치찌개,5
67,된장찌개,3
67,순두부찌개,3
67,삼계탕,2
67,갈비,5
67,생선구이,1
67,삼겹살,5
67,보쌈,5
67,족발,4
67,곱창,5
67,떡볶이,5
67,돈까스,4
67,제육볶음,5
67,매운탕,2
67,청국장,1
67,순대국밥,3
67,감자탕,3
67,냉면,3
67,추어탕,1
67,낙지볶음,3
67,육개장,3
67,찜닭,3
67,나주곰탕,4
67,소머리 국밥,5
67,물회,1
67,샤브샤브,2
67,간장게장,5
67,칼국수,5
67,짜장면,5
67,짬뽕,1
67,탕수육,5
67,마라탕,1
67,양꼬치,1
67,마파두부밥,4
67,유산슬,2
67,깐풍기,5
67,훠궈,1
67,팔보채,1
67,우동,3
67,생선회,5
67,초밥,5
67,돈부리 덮밥,5
67,라멘,5
67,메밀소바,1
67,타코야끼,5
67,오코노미야끼,1
67,스키야키,5
67,규카츠,5
67,치킨,5
67,스파게티,1
67,피자,3
67,햄버거,5
67,스테이크,2
67,부리또,1
67,타코,1
67,리조또,5
67,쌀국수,1
67,팟타이,3
68,비빔밥,3
68,볶음밥,3
68,김치찌개,5
68,된장찌개,5
68,순두부찌개,5
68,삼계탕,5
68,갈비,5
68,생선구이,2
68,삼겹살,5
68,보쌈,3
68,족발,3
68,곱창,1
68,떡볶이,3
68,돈까스,4
68,제육볶음,5
68,매운탕,5
68,청국장,3
68,순대국밥,2
68,감자탕,4
68,냉면,5
68,추어탕,1
68,낙지볶음,5
68,육개장,5
68,찜닭,5
68,나주곰탕,5
68,소머리 국밥,5
68,물회,5
68,샤브샤브,5
68,간장게장,5
68,칼국수,5
68,짜장면,4
68,짬뽕,4
68,탕수육,4
68,마라탕,1
68,양꼬치,1
68,마파두부밥,1
68,유산슬,1
68,깐풍기,1
68,훠궈,1
68,팔보채,1
68,우동,3
68,생선회,5
68,초밥,5
68,돈부리 덮밥,5
68,라멘,5
68,메밀소바,5
68,타코야끼,5
68,오코노미야끼,2
68,스키야키,5
68,규카츠,3
68,치킨,5
68,스파게티,2
68,피자,3
68,햄버거,5
68,스테이크,5
68,부리또,2
68,타코,2
68,리조또,2
68,쌀국수,1
68,팟타이,1
69,비빔밥,2
69,볶음밥,4
69,김치찌개,1
69,된장찌개,1
69,순두부찌개,4
69,삼계탕,3
69,갈비,5
69,생선구이,4
69,삼겹살,3
69,보쌈,5
69,족발,5
69,곱창,5
69,떡볶이,4
69,돈까스,2
69,제육볶음,3
69,매운탕,3
69,청국장,1
69,순대국밥,2
69,감자탕,2
69,냉면,3
69,추어탕,1
69,낙지볶음,1
69,육개장,1
69,찜닭,5
69,나주곰탕,4
69,소머리 국밥,2
69,물회,3
69,샤브샤브,5
69,간장게장,2
69,칼국수,4
69,짜장면,3
69,짬뽕,5
69,탕수육,5
69,마라탕,4
69,양꼬치,4
69,마파두부밥,3
69,유산슬,2
69,깐풍기,2
69,훠궈,1
69,팔보채,1
69,우동,2
69,생선회,4
69,초밥,5
69,돈부리 덮밥,4
69,라멘,1
69,메밀소바,2
69,타코야끼,3
69,오코노미야끼,3
69,스키야키,1
69,규카츠,5
69,치킨,5
69,스파게티,3
69,피자,2
69,햄버거,1
69,스테이크,5
69,부리또,2
69,타코,1
69,리조또,4
69,쌀국수,3
69,팟타이,4
70,비빔밥,5
70,볶음밥,5
70,김치찌개,4
70,된장찌개,3
70,순두부찌개,4
70,삼계탕,3
70,갈비,3
70,생선구이,3
70,삼겹살,4
70,보쌈,4
70,족발,5
70,곱창,5
70,떡볶이,2
70,돈까스,2
70,제육볶음,3
70,매운탕,3
70,청국장,1
70,순대국밥,1
70,감자탕,4
70,냉면,1
70,추어탕,5
70,낙지볶음,5
70,육개장,2
70,찜닭,4
70,나주곰탕,2
70,소머리 국밥,2
70,물회,1
70,샤브샤브,2
70,간장게장,1
70,칼국수,1
70,짜장면,2
70,짬뽕,3
70,탕수육,4
70,마라탕,3
70,양꼬치,2
70,마파두부밥,5
70,유산슬,1
70,깐풍기,4
70,훠궈,5
70,팔보채,1
70,우동,3
70,생선회,4
70,초밥,5
70,돈부리 덮밥,5
70,라멘,3
70,메밀소바,2
70,타코야끼,1
70,오코노미야끼,1
70,스키야키,2
70,규카츠,4
70,치킨,5
70,스파게티,5
70,피자,4
70,햄버거,1
70,스테이크,4
70,부리또,1
70,타코,2
70,리조또,2
70,쌀국수,3
70,팟타이,3
71,비빔밥,3
71,볶음밥,3
71,김치찌개,3
71,된장찌개,3
71,순두부찌개,3
71,삼계탕,3
71,갈비,3
71,생선구이,3
71,삼겹살,3
71,보쌈,3
71,족발,3
71,곱창,3
71,떡볶이,3
71,돈까스,3
71,제육볶음,3
71,매운탕,3
71,청국장,3
71,순대국밥,3
71,감자탕,3
71,냉면,3
71,추어탕,3
71,낙지볶음,3
71,육개장,3
71,찜닭,3
71,나주곰탕,3
71,소머리 국밥,3
71,물회,3
71,샤브샤브,3
71,간장게장,3
71,칼국수,3
71,짜장면,3
71,짬뽕,3
71,탕수육,3
71,마라탕,3
71,양꼬치,3
71,마파두부밥,3
71,유산슬,3
71,깐풍기,3
71,훠궈,3
71,팔보채,3
71,우동,3
71,생선회,3
71,초밥,3
71,돈부리 덮밥,1
71,라멘,3
71,메밀소바,3
71,타코야끼,3
71,오코노미야끼,3
71,스키야키,3
71,규카츠,3
71,치킨,3
71,스파게티,3
71,피자,3
71,햄버거,3
71,스테이크,3
71,부리또,3
71,타코,3
71,리조또,3
71,쌀국수,3
71,팟타이,3
72,비빔밥,4
72,볶음밥,3
72,김치찌개,4
72,된장찌개,4
72,순두부찌개,4
72,삼계탕,4
72,갈비,5
72,생선구이,4
72,삼겹살,5
72,보쌈,5
72,족발,5
72,곱창,5
72,떡볶이,5
72,돈까스,5
72,제육볶음,5
72,매운탕,5
72,청국장,5
72,순대국밥,5
72,감자탕,5
72,냉면,5
72,추어탕,5
72,낙지볶음,5
72,육개장,5
72,찜닭,5
72,나주곰탕,5
72,소머리 국밥,5
72,물회,5
72,샤브샤브,5
72,간장게장,5
72,칼국수,5
72,짜장면,4
72,짬뽕,4
72,탕수육,4
72,마라탕,4
72,양꼬치,4
72,마파두부밥,4
72,유산슬,4
72,깐풍기,4
72,훠궈,4
72,팔보채,4
72,우동,4
72,생선회,4
72,초밥,4
72,돈부리 덮밥,4
72,라멘,5
72,메밀소바,4
72,타코야끼,4
72,오코노미야끼,4
72,스키야키,4
72,규카츠,4
72,치킨,4
72,스파게티,4
72,피자,4
72,햄버거,4
72,스테이크,4
72,부리또,4
72,타코,4
72,리조또,4
72,쌀국수,4
72,팟타이,4
73,비빔밥,5
73,볶음밥,5
73,김치찌개,5
73,된장찌개,5
73,순두부찌개,5
73,삼계탕,5
73,갈비,5
73,생선구이,3
73,삼겹살,5
73,보쌈,5
73,족발,5
73,곱창,4
73,떡볶이,4
73,돈까스,5
73,제육볶음,5
73,매운탕,2
73,청국장,4
73,순대국밥,4
73,감자탕,4
73,냉면,5
73,추어탕,1
73,낙지볶음,5
73,육개장,5
73,찜닭,5
73,나주곰탕,5
73,소머리 국밥,5
73,물회,3
73,샤브샤브,5
73,간장게장,2
73,칼국수,5
73,짜장면,5
73,짬뽕,5
73,탕수육,5
73,마라탕,5
73,양꼬치,5
73,마파두부밥,5
73,유산슬,3
73,깐풍기,5
73,훠궈,5
73,팔보채,3
73,우동,5
73,생선회,3
73,초밥,4
73,돈부리 덮밥,5
73,라멘,5
73,메밀소바,5
73,타코야끼,5
73,오코노미야끼,5
73,스키야키,5
73,규카츠,5
73,치킨,5
73,스파게티,5
73,피자,5
73,햄버거,5
73,스테이크,5
73,부리또,5
73,타코,5
73,리조또,5
73,쌀국수,5
73,팟타이,5
74,비빔밥,5
74,볶음밥,3
74,김치찌개,5
74,된장찌개,5
74,순두부찌개,5
74,삼계탕,5
74,갈비,2
74,생선구이,4
74,삼겹살,2
74,보쌈,4
74,족발,4
74,곱창,4
74,떡볶이,5
74,돈까스,2
74,제육볶음,2
74,매운탕,5
74,청국장,5
74,순대국밥,5
74,감자탕,4
74,냉면,2
74,추어탕,4
74,낙지볶음,3
74,육개장,3
74,찜닭,2
74,나주곰탕,3
74,소머리 국밥,1
74,물회,3
74,샤브샤브,2
74,간장게장,3
74,칼국수,4
74,짜장면,3
74,짬뽕,2
74,탕수육,4
74,마라탕,1
74,양꼬치,2
74,마파두부밥,4
74,유산슬,2
74,깐풍기,2
74,훠궈,5
74,팔보채,5
74,우동,3
74,생선회,4
74,초밥,2
74,돈부리 덮밥,3
74,라멘,3
74,메밀소바,4
74,타코야끼,5
74,오코노미야끼,2
74,스키야키,2
74,규카츠,3
74,치킨,4
74,스파게티,4
74,피자,4
74,햄버거,4
74,스테이크,5
74,부리또,2
74,타코,2
74,리조또,1
74,쌀국수,2
74,팟타이,3
75,비빔밥,5
75,볶음밥,4
75,김치찌개,5
75,된장찌개,5
75,순두부찌개,5
75,삼계탕,5
75,갈비,5
75,생선구이,5
75,삼겹살,5
75,보쌈,5
75,족발,3
75,곱창,1
75,떡볶이,1
75,돈까스,2
75,제육볶음,2
75,매운탕,5
75,청국장,5
75,순대국밥,5
75,감자탕,5
75,냉면,5
75,추어탕,5
75,낙지볶음,5
75,육개장,5
75,찜닭,3
75,나주곰탕,5
75,소머리 국밥,5
75,물회,5
75,샤브샤브,5
75,간장게장,5
75,칼국수,5
75,짜장면,5
75,짬뽕,4
75,탕수육,5
75,마라탕,1
75,양꼬치,4
75,마파두부밥,1
75,유산슬,3
75,깐풍기,3
75,훠궈,2
75,팔보채,2
75,우동,5
75,생선회,5
75,초밥,5
75,돈부리 덮밥,2
75,라멘,2
75,메밀소바,4
75,타코야끼,2
75,오코노미야끼,3
75,스키야키,4
75,규카츠,3
75,치킨,5
75,스파게티,4
75,피자,3
75,햄버거,3
75,스테이크,5
75,부리또,2
75,타코,2
75,리조또,1
75,쌀국수,1
75,팟타이,2
76,비빔밥,5
76,볶음밥,5
76,김치찌개,4
76,된장찌개,4
76,순두부찌개,4
76,삼계탕,2
76,갈비,5
76,생선구이,5
76,삼겹살,5
76,보쌈,5
76,족발,5
76,곱창,5
76,떡볶이,5
76,돈까스,5
76,제육볶음,5
76,매운탕,2
76,청국장,1
76,순대국밥,3
76,감자탕,4
76,냉면,4
76,추어탕,2
76,낙지볶음,4
76,육개장,4
76,찜닭,4
76,나주곰탕,2
76,소머리 국밥,1
76,물회,5
76,샤브샤브,5
76,간장게장,5
76,칼국수,5
76,짜장면,4
76,짬뽕,5
76,탕수육,5
76,마라탕,3
76,양꼬치,4
76,마파두부밥,2
76,유산슬,3
76,깐풍기,4
76,훠궈,2
76,팔보채,1
76,우동,4
76,생선회,5
76,초밥,5
76,돈부리 덮밥,3
76,라멘,4
76,메밀소바,4
76,타코야끼,5
76,오코노미야끼,5
76,스키야키,5
76,규카츠,5
76,치킨,5
76,스파게티,5
76,피자,5
76,햄버거,5
76,스테이크,5
76,부리또,5
76,타코,4
76,리조또,5
76,쌀국수,2
76,팟타이,5
77,비빔밥,5
77,볶음밥,5
77,김치찌개,5
77,된장찌개,5
77,순두부찌개,5
77,삼계탕,5
77,갈비,4
77,생선구이,4
77,삼겹살,4
77,보쌈,4
77,족발,4
77,곱창,4
77,떡볶이,3
77,돈까스,3
77,제육볶음,3
77,매운탕,3
77,청국장,3
77,순대국밥,3
77,감자탕,2
77,냉면,2
77,추어탕,2
77,낙지볶음,2
77,육개장,2
77,찜닭,2
77,나주곰탕,1
77,소머리 국밥,1
77,물회,1
77,샤브샤브,1
77,간장게장,1
77,칼국수,1
77,짜장면,1
77,짬뽕,1
77,탕수육,2
77,마라탕,2
77,양꼬치,3
77,마파두부밥,3
77,유산슬,4
77,깐풍기,4
77,훠궈,5
77,팔보채,5
77,우동,3
77,생선회,3
77,초밥,2
77,돈부리 덮밥,2
77,라멘,1
77,메밀소바,1
77,타코야끼,4
77,오코노미야끼,4
77,스키야키,5
77,규카츠,5
77,치킨,5
77,스파게티,5
77,피자,3
77,햄버거,3
77,스테이크,1
77,부리또,1
77,타코,2
77,리조또,2
77,쌀국수,4
77,팟타이,4
